,formula_unedited,formula,space group,target
466,Li6.125P0.875Si0.125S5Br,Li6.125P0.875Si0.125S5Br,216.0,-3.0447934624580584
5,La0.55Li0.36TiO3,La0.55Li0.36TiO3,123.0,-2.987445420464013
1308,Li0.12La0.63TiO3,Li0.12La0.63TiO3,,-3.6989700043360187
138,Li0.2Ca0.4TaO3,Li0.2Ca0.4TaO3,62.0,-8.452225294612177
248,Li10(Ge0.416Sn0.584)P2S12,Li10Ge0.416Sn0.584P2S12,137.0,-2.1290111862394245
1114,0.2Li2S-0.55Li2O-0.25P2S5,Li1.5O0.55P0.5S1.45,,-4.562249437179612
282,LiScO2,LiScO2,141.0,-12.0
716,Li2S*P2S5,Li2S6P2,,-2.494850021680094
1303,La0.566Li0.1Ti0.9Al0.1O3,La0.566Li0.1Ti0.9Al0.1O3,,-5.13430394008393
483,Li6P(S4.4Se0.6)Br,Li6PS4.4Se0.6Br,216.0,-2.555955204081924
18,0.97(0.6Li2S-0.4SiS2)-0.03Li3InO3,Li1.254S1.382Si0.4In0.03O0.09,,-3.508640565774164
139,Li0.2(Ca0.36Sr0.04)TaO3,Li0.2Ca0.36Sr0.04TaO3,62.0,-8.036212172654444
852,Li3V2(PO4)3,Li3V2P3O12,,-6.679853713888946
107,Li0.12La0.75TiO3,Li0.12La0.75TiO3,47.0,-3.623423042943488
889,0.55(0.4SiS2-0.6Li2S)-0.45LiI,Si0.22S1.04Li1.65I0.45,,-2.85078088734462
1246,LiTi2(PO4)3-1.5LiBO3,Li2.5Ti2P3O16.5B1.5,,-3.1884249941294067
873,0.25 LiBr-0.38 SiS2-0.38 Li2S,Br0.25Li1.01S1.14Si0.38,,-3.619788758288394
528,(La0.402Li0.368Sr0.230)(TiO3),La0.402Li0.368Sr0.23TiO3,221.0,-4.542118103266008
498,Li6P0.53Ge0.47S5I,Li6P0.53Ge0.47S5I,216.0,-2.8181564120552274
497,Li6P0.64Ge0.36S5I,Li6P0.64Ge0.36S5I,216.0,-3.1817741063860447
48,Li1.4Al0.4Ge1.6(PO4)3,Li1.4Al0.4Ge1.6P3O12,167.0,-3.612391444259284
42,Li1.3Al0.3Ge1.7(PO4)3,Li1.3Al0.3Ge1.7P3O12,167.0,-3.883583692224033
261,Li9.79Sn0.79P2.21S12,Li9.79Sn0.79P2.21S12,137.0,-2.341035157335565
97,Li4SiS4,Li4SiS4,11.0,-7.6300392856003
823,Li1.8Mg1.1Cl4,Li1.8Mg1.1Cl4,,-5.818156412055227
817,Li(In0.62Li1.38)Br3.92,LiIn0.62Li1.38Br3.92,,-5.309803919971486
1027,0.875Li6Si2S7-0.125Li6B4S9,Li6Si1.75S7.25B0.5,,-3.3565473235138126
159,Li3.5Ge0.5V0.5O4,Li3.5Ge0.5V0.5O4,62.0,-4.752026733638194
1220,Li3.5V0.5Ge0.5O4,Li3.5V0.5Ge0.5O4,,-4.522878745280337
102,Li6.2La3Zr1.2Ta0.8O12,Li6.2La3Zr1.2Ta0.8O12,230.0,-3.494850021680094
4,La0.54Li0.39TiO3,La0.54Li0.39TiO3,123.0,-3.0447544992118756
770,Li10(Ge0.6Si0.4)P2S12,Li10Ge0.6Si0.4P2S12,,-2.2806687130162735
863,(2Li2S-P2S5)0.75(LiI)0.25,Li3.25P1.5S5.25I0.25,,-3.402304814074488
1007,0.675Li2S-0.325P2S5,Li1.35S2.3P0.65,,-4.105683937315562
324,Li1.2Ti2Si0.2P2.8O12,Li1.2Ti2Si0.2P2.8O12,167.0,-4.0655015487564325
1219,Li3.5As0.5Ge0.5O4,Li3.5As0.5Ge0.5O4,,-4.548213564475709
442,Li8SiP4,Li8SiP4,205.0,-4.346787486224656
1179,0.64(0.29B2S3-0.71Li2S)-0.36LiI,B0.371S1.267Li1.78I0.36,,-3.0915149811213505
66,Li1.8Al0.8Ge1.2(PO4)3,Li1.8Al0.8Ge1.2P3O12,167.0,-3.8866871607020976
72,Li2SnS3,Li2SnS3,15.0,-4.823908740944319
55,Li1.5Cr0.5Ti1.5(PO4)3,Li1.5Cr0.5Ti1.5P3O12,167.0,-3.558373752533357
28,0.6(Li2S) 0.4(GeS2),Li1.2S1.4Ge0.4,,-4.036212172654444
1121,0.55Li2S-0.2Li2O-0.25P2S5,Li1.5O0.2P0.5S1.8,,-4.151195298948196
1139,0.65Li2S-0.05Li2O-0.3P2S5,Li1.4000000000000001O0.05P0.6S2.15,,-4.605548319173784
643,Li6.15La3Zr1.75Ta0.25Ga0.2O12,Li6.15La3Zr1.75Ta0.25Ga0.2O12,230.0,-3.3872161432802645
54,Li1.5Al0.5Ge1.5(PO4)3,Li1.5Al0.5Ge1.5P3O12,167.0,-3.49315853146928
117,Li6PS5I,Li6PS5I,216.0,-5.17296151876271
21,0.95(0.6Li2S-0.4SiS2)-0.05Li3BO3,Li1.29S1.37Si0.4B0.05O0.15,,-2.847754736113256
898,0.3Li2S-0.7P2S5,Li0.6S3.8P1.4,,-1.7695510786217261
1172,0.75(0.33B2S3-0.67Li2S)-0.25LiI,B0.495S1.413Li1.59I0.25,,-3.214670164989233
1083,Li3.45Ge0.45P0.55S3.1Se0.9,Li3.45Ge0.45P0.55S3.1Se0.9,,-3.0087739243075053
1031,Li7La3Zr2O12?5 wt% LiPO3,Li15La6Zr4PO27,,-5.6020599913279625
365,Li1.3(Al0.23Ga0.07Ti1.7)(PO4)3,Li1.3Al0.23Ga0.07Ti1.7P3O12,167.0,-5.350665141287858
151,Pr0.57Li0.29TiO3,Pr0.57Li0.29TiO3,62.0,-5.543633966870957
927,0.95(0.6Li2S-0.4SiS2)-0.05Li2SO4,Li1.24S1.42Si0.4O0.2,,-3.343901797987168
797,0.6Li2O-0.4P2O5,Li1.2O2.6P0.8,,-7.522878745280337
574,Li2MnCl4,Li2MnCl4,227.0,-5.319664486585437
886,0.8(0.4SiS2-0.6Li2S)-0.2LiI,Si0.32S1.24Li1.4I0.2,,-3.113509274827518
100,Li5La3Ta2O12,Li5La3Ta2O12,230.0,-4.969703437655658
224,Li9.54Si1.74P1.44S11.7Cl0.3,Li9.54Si1.74P1.44S11.7Cl0.3,137.0,-1.596879478824182
86,LiSi2N3,LiSi2N3,36.0,-7.209714835966758
253,Li10.275Si1.275P1.725S12,Li10.275Si1.275P1.725S12,137.0,-2.2510371387438384
359,Li(Ti1.4Sn0.6)(PO4)3,LiTi1.4Sn0.6P3O12,167.0,-4.642065152999546
42,Li3.9P0.1Si0.9O4,Li3.9P0.1Si0.9O4,11.0,-7.701146923590294
1033,Li7La3Zr2O12?5 wt% 40.2Li2O???5.7Y2O3???54.1SiO2,Li3.76La1.58Zr1.06O6.48Y0.01Si0.05,,-4.6020599913279625
1153,Li3.1PO3.8N0.16,Li3.1PO3.8N0.16,,-5.698970004336019
1231,0.7LiTi2(PO4)3-0.3Li3PO4,Li1.5999999999999999Ti1.4P2.3999999999999995O9.599999999999998,,-3.6108339156354674
998,0.95(0.58Li2-0.42SiS2)-0.05(0.58Li2O-0.42P2O5),Li1.16Si0.42S0.84O2.129P0.84,,-2.9746941347352296
1001,0.95(0.65Li2-0.35SiS2)-0.05(0.65Li2O-0.35P2O5),Li1.3Si0.35S0.7O1.782P0.7,,-3.272458742971444
1302,La0.606Li0.06Ti0.94Al0.06O3,La0.606Li0.06Ti0.94Al0.06O3,,-5.774690718274137
862,(2Li2S-P2S5)0.85(LiI)0.15,Li3.55P1.7S5.95I0.15,,-3.6289321377282637
78,Li3.2Si0.2P0.8S4,Li3.2Si0.2P0.8S4,11.0,-5.505275091166654
707,Li6.835La3Zr2O12Al0.231,Li6.835La3Zr2O12Al0.231,230.0,-3.657577319177794
701,Li6.4La3Zr1.4Ta0.4Nb0.2O12,Li6.4La3Zr1.4Ta0.4Nb0.2O12,230.0,-3.3419886033428874
79,Li3.35Ge0.35P0.65S4,Li3.35Ge0.35P0.65S4,11.0,-2.813893924172969
588,Li5.5Ba0.5La2.5Ta2O12,Li5.5Ba0.5La2.5Ta2O12,230.0,-4.869666231504994
836,Li2OHBr0.95F0.05,Li2OHBr0.95F0.05,,-6.170696227168975
1190,0.97(0.6Li2S-0.4SiS2)-0.03Li3PO4,Li1.254S1.382Si0.4P0.03O0.12,,-3.401209493236885
517,LiCe(BH4)3Cl,LiCeB3H12Cl,217.0,-3.987162775294828
456,Li6PS5Br0.5I0.5,Li6PS5Br0.5I0.5,216.0,-4.581698708680254
355,Li1.5La0.5Ti1.5(PO4)3,Li1.5La0.5Ti1.5P3O12,167.0,-3.55129368009492
91,Li3ClO,Li3ClO,221.0,-2.336320532806835
64,La(Li0.76Mg0.08)O2,LaLi0.76Mg0.08O2,14.0,-9.138465589140962
75,Li10GeP2S12,Li10GeP2S12,137.0,-2.118558446946293
484,Li6P(S4.3Se0.7)Br,Li6PS4.3Se0.7Br,216.0,-2.5214335044061564
1063,Li3PS4 ? 90 wt% SiO2,Li3PS4Si26.96O53.93,,-8.069050968832476
1281,Li0.5La0.5Ti0.998Mn0.002O3,Li0.5La0.5Ti0.998Mn0.002O3,,-3.040005161671584
553,La0.51Sr0.15Li0.15TiO3,La0.51Sr0.15Li0.15TiO3,221.0,-4.275724130399211
56,0.75Li2O-0.25P2S5,Li1.5O0.75P0.5S1.25,,-4.777197898363201
515,Li6.6P0.4Ge0.6S5I,Li6.6P0.4Ge0.6S5I,216.0,-3.562249437179612
732,Li2ZnGeS4,Li2ZnGeS4,,-8.853871964321762
473,Li6.5P0.5Si0.5S5Br,Li6.5P0.5Si0.5S5Br,216.0,-2.6595558851598815
305,Li4.4Al0.4Ge0.6S4,Li4.4Al0.4Ge0.6S4,164.0,-4.363512103646634
1207,0.998LiI-0.002CaI2,Li0.998I1.002Ca0.002,,-6.008773924307505
183,(Li1.19Zn0.9)PS4,Li1.19Zn0.9PS4,82.0,-5.187086643357144
74,Li10.5Ge1.5P1.5S12,Li10.5Ge1.5P1.5S12,137.0,-1.9605904084505759
387,Li1.3Al0.1Sc0.2Ti1.7(PO4)3,Li1.3Al0.1Sc0.2Ti1.7P3O12,167.0,-3.3675427078152755
59,0.85(0.6Li2S-0.4SiS2)- 0.15Li4GeO4,Li1.62S1.31Si0.4Ge0.15O0.6,,-3.9430951486635273
1066,Li3PS4 ? 15 wt% Li6ZnNb4O14,Li72.35P22.12S88.47ZnNb4O14,,-3.6179829574251317
698,Li6.65La2.75Ba0.25Zr1.4Ta0.5Nb0.1O12,Li6.65La2.75Ba0.25Zr1.4Ta0.5Nb0.1O12,230.0,-3.2781893847874533
1108,0.75Li2S-0.05Li2O-0.2P2S5,Li1.6O0.05P0.4S1.75,,-3.844663962534938
372,Li1.1Y0.1Zr1.9(PO4)3,Li1.1Y0.1Zr1.9P3O12,167.0,-4.0
845,Li3.5Zn0.25GeO4,Li3.5Zn0.25GeO4,,-6.616184634019569
11,Li0.39La0.54TiO3,Li0.39La0.54TiO3,,-2.9789880363755663
1104,0.55Li2S-0.25Li2O-0.2P2S5,Li1.6O0.25P0.4S1.55,,-3.9507819773298185
383,Li1.7Al0.3Ti1.6(PO4)3,Li1.7Al0.3Ti1.6P3O12,167.0,-4.301029995663981
202,Li0.31La0.63TiO3,Li0.31La0.63TiO3,123.0,-3.3861581781239307
137,Li3.70Ge0.85W0.15O4,Li3.7Ge0.85W0.15O4,62.0,-4.42021640338319
1222,Li3.5As0.5V0.5O4,Li3.5As0.5V0.5O4,,-4.396855627379818
1290,Li0.5La0.5Ti0.99Ge0.01O3,Li0.5La0.5Ti0.99Ge0.01O3,,-2.9469215565165805
26,Li1.2Al0.2Ti1.8(PO4)3,Li1.2Al0.2Ti1.8P3O12,167.0,-2.8482831669968975
686,Li6.24La3Zr2Al0.24O11.98,Li6.24La3Zr2Al0.24O11.98,230.0,-3.3979400086720375
331,Li1.2Cr0.2Ti1.8(PO4)3,Li1.2Cr0.2Ti1.8P3O12,167.0,-4.739928612014925
15,0.3LiI-0.7(0.6Li2S-0.4SiS2),Li1.14I0.3S1.22Si0.4,,-3.2854437620939034
746,Li3Cl0.5Br0.5O,Li3Cl0.5Br0.5O,,-2.712198270069774
533,(La0.6Li0.4)(Ti0.8Al0.2)O3,La0.6Li0.4Ti0.8Al0.2O3,221.0,-3.245651664288981
154,Li2.5Y0.5Zr0.5Cl6,Li2.5Y0.5Zr0.5Cl6,62.0,-2.853871964321762
1062,Li3PS4 ? 70 wt% SiO2,Li3PS4Si6.99O13.98,,-5.22767829327708
1255,LiTi2(PO4)3-1.2LiNO3,Li2.2Ti2P3O15.6N1.2,,-3.0021769192542744
1291,La0.58Li0.36Ti0.95Mg0.05O3,La0.58Li0.36Ti0.95Mg0.05O3,,-3.677780705266081
592,Li7Ba2LaTa2O12,Li7Ba2LaTa2O12,230.0,-5.522878745280337
683,Li5La3Nb1.85Y0.15O12,Li5La3Nb1.85Y0.15O12,230.0,-5.23284413391782
411,Li1.3Ga0.3Ge1.7(PO4)3,Li1.3Ga0.3Ge1.7P3O12,167.0,-4.349692476868063
674,Li5.3La3Ta1.85Sm0.15O12,Li5.3La3Ta1.85Sm0.15O12,230.0,-5.148130399270234
522,Fe0.19La2.95Li5.57Zr2O12,Fe0.19La2.95Li5.57Zr2O12,220.0,-2.8601209135987635
984,0.75(0.4Li2O-0.6Li2S)-0.25P2S5,Li1.8O0.3S1.85P0.5,,-4.30189945437661
555,La0.385Sr0.275Li0.275TiO3,La0.385Sr0.275Li0.275TiO3,221.0,-4.218963061378868
107,Li6.6La3Zr1.6Ta0.4O12,Li6.6La3Zr1.6Ta0.4O12,230.0,-3.2301193614453427
1016,0.1LiI-0.9(0.5Li2S-0.5SiS2),LiI0.1S1.45Si0.5,,-4.399027104313252
333,Li1.4Cr0.4Ti1.6(PO4)3,Li1.4Cr0.4Ti1.6P3O12,167.0,-3.826813731587726
1163,Li1.8PO1.2N1.5,Li1.8PO1.2N1.5,,-5.769551078621726
225,Li10GeP2S11.7O0.3,Li10GeP2S11.7O0.3,137.0,-1.9393021596463884
1280,Li0.5La0.5Ti0.9Zr0.1O3,Li0.5La0.5Ti0.9Zr0.1O3,,-4.151810883008602
401,Li1.1Fe0.1Ti0.9(PO4)3,Li1.1Fe0.1Ti0.9P3O12,167.0,-3.2006594505464183
1311,Li0.3La0.57TiO3,Li0.3La0.57TiO3,,-2.958607314841775
1200,0.9(0.61Li2S-0.39SiS2)-0.1Li3PO4,Li1.398S1.329Si0.39P0.1O0.4,,-3.8927900303521317
1326,Li1.1Sc0.1Ti1.9(PO4)3,Li1.1Sc0.1Ti1.9P3O12,,-4.756961951313706
29,Li3.5Si0.5P05S4,Li3.5Si0.5P5S4,11.0,-3.779891911959945
573,(Li0.74Mg0.26)(Li0.40Mg0.04Ti1.56)O4,Li0.74Mg0.26Li0.4Mg0.04Ti1.56O4,227.0,-8.821023052706831
1283,Li0.5La0.5Ti0.994Mn0.006O3,Li0.5La0.5Ti0.994Mn0.006O3,,-2.96657624451305
1025,0.925Li6Si2S7-0.075Li6B4S9,Li6.000000000000001Si1.85S7.15B0.3,,-3.4377071355435254
649,Li7La3Zr1.8599Al0.1401O12,Li7La3Zr1.8599Al0.1401O12,230.0,-3.494850021680094
213,La0.56Li0.33TiO3-10wt% Al2O3,La0.28Li0.16Ti0.5O1.79Al0.2,123.0,-3.0301183562535
349,Li1.3In0.3Ti1.7(PO4)3,Li1.3In0.3Ti1.7P3O12,167.0,-3.4056074496245734
626,Li6.2La3Zr1.6Mo0.4O12,Li6.2La3Zr1.6Mo0.4O12,230.0,-3.4685210829577446
539,Li0.375Sr0.4375Hf0.25Ta0.75O3,Li0.375Sr0.4375Hf0.25Ta0.75O3,221.0,-3.42021640338319
73,LiTa2PO8,LiTa2PO8,15.0,-2.795880017344075
1239,LiTi2(PO4)3-0.3LiPO4,Li1.3Ti2P3.3O13.2,,-3.0034883278458215
332,Li1.3Cr0.3Ti1.7(PO4)3,Li1.3Cr0.3Ti1.7P3O12,167.0,-4.454692883534176
929,0.5Li2O-0.1TiO2-0.4P2O5,LiO2.7P0.8Ti0.1,,-7.246416941107094
149,Pr0.55Li0.35TiO3,Pr0.55Li0.35TiO3,62.0,-5.82102305270683
1185,0.975(0.5Li2S-0.5SiS2)-0.025Li3PO4,Li1.05S1.488Si0.5P0.025O0.1,,-4.057495893831919
314,Li1.4Ti1.6Sc0.4(PO4)3,Li1.4Ti1.6Sc0.4P3O12,167.0,-3.701146923590293
652,Nd3Zr2Al0.5Li5.5O12,Nd3Zr2Al0.5Li5.5O12,230.0,-4.4089353929735005
129,0.5(Li2S) 0.5(GeS2),LiS1.5Ge0.5,,-4.453637376305421
1278,Li0.5La0.5Ti0.96Zr0.04O3,Li0.5La0.5Ti0.96Zr0.04O3,,-3.543633966870957
1247,LiTi2(PO4)3-0.2Li2SO4,Li1.4Ti2P3O12.8S0.2,,-3.078313524516398
1298,La0.55Li0.36Ti0.995Al0.005O3,La0.55Li0.36Ti0.995Al0.005O3,,-2.958607314841775
1232,0.95LiTi2(PO4)3-0.05Li3BO3,Li1.1Ti1.9P2.8499999999999996O11.549999999999999B0.05,,-4.444905551421681
871,0.1 LiBr-0.45 SiS2-0.45 Li2S,Br0.1LiS1.35Si0.45,,-3.721246399047171
152,Pr0.58Li0.26TiO3,Pr0.58Li0.26TiO3,62.0,-5.412289034981089
1156,Li4.4PO4.3,Li4.4PO4.3,,-6.027334407733889
619,Li6.7La3Zr1.7Ta0.3O12,Li6.7La3Zr1.7Ta0.3O12,230.0,-3.0177287669604316
1096,0.15Li2S-0.65Li2O-0.2P2S5,Li1.6O0.65P0.4S1.15,,-4.634512015109101
75,Li3Na5(TiS4)2,Li3Na5Ti2S8,15.0,-5.055517327849832
123,Li8GeP4,Li8GeP4,205.0,-4.4051145218265635
155,Li2.633Er0.633Zr0.367Cl6,Li2.633Er0.633Zr0.367Cl6,62.0,-2.958607314841775
300,Li2.667Mg0.667P2S6,Li2.667Mg0.667P2S6,162.0,-5.3979400086720375
1168,0.33B2S3-0.67Li2S,B0.66S1.6600000000000001Li1.34,,-3.6458915608525992
226,Li10(Si0.5Sn0.5)P2S12,Li10Si0.5Sn0.5P2S12,137.0,-2.3685562309868278
821,Li3InBr2.5Cl3.5,Li3InBr2.5Cl3.5,,-5.443697499232713
141,Li4SnSe4,Li4SnSe4,62.0,-4.698970004336019
237,Li3.335Sn0.33P0.67S4,Li3.335Sn0.33P0.67S4,137.0,-2.4282911681913126
880,0.75(SiS2-Li2S)-0.25LiCl,Si0.75S2.5Li2.25Cl0.25,,-3.575118363368933
1003,0.8(0.55Li2-0.45SiS2)-0.2(0.55Li2O-0.45P2O5),Li1.1Si0.45S0.9O2.36P0.9,,-4.103473782510445
493,Li6P0.92Ge0.08S5I,Li6P0.92Ge0.08S5I,216.0,-5.044793462458058
656,Li5.4La3Nb1.8Y0.2O12,Li5.4La3Nb1.8Y0.2O12,230.0,-4.17134010346468
353,Li1.3La0.3Ti1.7(PO4)3,Li1.3La0.3Ti1.7P3O12,167.0,-3.281498311132726
40,Li3.1P0.9Si0.1O4,Li3.1P0.9Si0.1O4,11.0,-7.126679398184601
413,Li1.3Fe0.3Ge1.7(PO4)3,Li1.3Fe0.3Ge1.7P3O12,167.0,-4.52432881167557
33,0.93(0.6Li2S-0.4SiS2)-0.07Li3BO3,Li1.326S1.358Si0.4B0.07O0.21,,-3.4231474330087117
1123,0.65Li2S-0.1Li2O-0.25P2S5,Li1.5O0.1P0.5S1.9,,-3.939302159646388
132,LiZr2(PO4)3,LiZr2P3O12,167.0,-7.230192746046663
313,Li1.3Ti1.7Sc0.3(PO4)3,Li1.3Ti1.7Sc0.3P3O12,167.0,-3.1018235165023236
167,Li3.8Sn0.8As0.2S4,Li3.8Sn0.8As0.2S4,62.0,-3.9746941347352296
1170,0.9(0.33B2S3-0.67Li2S)-0.1LiI,B0.594S1.561Li1.44I0.1,,-3.317854923626168
82,Li3.4Ge0.4P0.6S4,Li3.4Ge0.4P0.6S4,11.0,-3.1847545352003293
64,0.8(0.6Li2S-0.4SiS2)- 0.2Li4SiO4,Li1.76S1.28Si0.6O0.8,,-3.7932076356377955
868,0.26B2S3 ? 0.31Li2S ? 0.43LiI,B0.52S1.09Li1.05I0.43,,-3.097453220686009
1117,0.35Li2S-0.4Li2O-0.25P2S5,Li1.5O0.4P0.5S1.6,,-4.876148359032914
56,Li3BO3,Li3BO3,14.0,-10.130768280269024
742,Li1.2Ge0.2Ti1.8(PO4)3,Li1.2Ge0.2Ti1.8P3O12,,-4.100179497572904
354,Li1.4La0.4Ti1.6(PO4)3,Li1.4La0.4Ti1.6P3O12,167.0,-3.3027706572402824
119,Li7La3Zr2O12,Li7La3Zr2O12,142.0,-4.855764575782143
487,Li6P(S4Se)Br,Li6PS4SeBr,216.0,-2.4424927980943423
678,Li6.10La3Ta1.45Sm0.55O12,Li6.1La3Ta1.45Sm0.55O12,230.0,-4.853871964321762
987,0.75(0.1Li2O-0.9Li2S)-0.25P2S5,Li1.95O0.075S2.15P0.5,,-3.6439741428068775
1334,Li1.4Y0.4Ti1.6(PO4)3,Li1.4Y0.4Ti1.6P3O12,,-6.527243550682788
110,Li6.8La3Zr1.8Ta0.2O12,Li6.8La3Zr1.8Ta0.2O12,230.0,-3.4045297782083606
991,0.55Li2-0.45SiS2,Li1.1Si0.45S0.9,,-3.185086818724926
786,0.7(Li2O) 0.3(P2O5),Li1.4P0.6O2.2,,-6.522878745280337
367,Li1.3(Al0.23Y0.07Ti1.7)(PO4)3,Li1.3Al0.23Y0.07Ti1.7P3O12,167.0,-7.4156687756324695
858,0.4 Li2S * 0.6 SiS2,Li0.8Si0.6S1.6,,-4.552841968657781
121,Li7P3S11,Li7P3S11,2.0,-2.2287323252718587
731,Li2GeS3,Li2GeS3,,-8.013228265733755
509,Li6.3P0.7Sn0.3S5I,Li6.3P0.7Sn0.3S5I,216.0,-3.51427857351842
436,Li5.5K0.25La2.75Nb2O12,Li5.5K0.25La2.75Nb2O12,199.0,-2.496209316942819
670,Li49.6Al1.6La24Zr14.4Ta1.6O96,Li49.6Al1.6La24Zr14.4Ta1.6O96,230.0,-3.211831628858832
500,Li6P0.31Ge0.69S5I,Li6P0.31Ge0.69S5I,216.0,-2.2873502983727887
1313,Li0.45La0.52TiO3,Li0.45La0.52TiO3,,-3.0433514207947967
687,Li7La3Zr1.7Ga0.3O12,Li7La3Zr1.7Ga0.3O12,230.0,-4.42021640338319
997,0.95(0.55Li2-0.45SiS2)-0.05(0.55Li2O-0.45P2O5),Li1.1Si0.45S0.9O2.277P0.9,,-2.9956786262173574
1133,0.35Li2S-0.35Li2O-0.3P2S5,Li1.4O0.35P0.6S1.85,,-5.434152181326482
1089,Li3.15Ge0.15P0.85S3.7Se0.3,Li3.15Ge0.15P0.85S3.7Se0.3,,-3.0883098412461387
297,Li1.2Ti1.8Al0.2(PO4)3,Li1.2Ti1.8Al0.2P3O12,148.0,-2.3169529617611504
1243,LiTi2(PO4)3-0.3LiBO3,Li1.3Ti2P3O12.9B0.3,,-2.779891911959945
590,Li6.5Ba1.5La1.5Ta2O12,Li6.5Ba1.5La1.5Ta2O12,230.0,-4.494850021680094
1323,LiHfTi(PO4)3,LiHfTiP3O12,,-6.249491605148654
40,0.9(0.6Li2S-0.4SiS2)-0.1Li3PO4,Li1.38S1.34Si0.4P0.1O0.4,,-3.812992629854044
1054,Li3PS4 ? 70 wt% Al2O3,Li3PS4Al8.24O12.36,,-7.406713932979542
120,Li4.4Si0.6Al0.4S4,Li4.4Si0.6Al0.4S4,62.0,-7.517126416391246
238,Li3.3Sn0.3P0.7S4,Li3.3Sn0.3P0.7S4,137.0,-2.4377071355435254
391,Li1.05Al0.05Ti0.95(PO4)3,Li1.05Al0.05Ti0.95P3O12,167.0,-2.958607314841775
48,Li17Sb13S28,Li17Sb13S28,12.0,-8.978810700930062
450,Li5NI2,Li5NI2,216.0,-5.3979400086720375
124,Li9.81Sn0.81P2.19S12,Li9.81Sn0.81P2.19S12,137.0,-2.281203983873019
373,Li1.1Al0.1Ge1.9(PO4)3,Li1.1Al0.1Ge1.9P3O12,167.0,-4.889410289700751
1064,Li3PS4 ? 5 wt% Li6ZnNb4O14,Li228.47P74.16S296.63ZnNb4O14,,-3.642065152999546
285,Li4SrN2,Li4SrN2,141.0,-12.638272163982407
327,Li1.5Ti2Si0.5P2.5O12,Li1.5Ti2Si0.5P2.5O12,167.0,-4.017728766960432
702,Li6.4La3Zr1.4Ta0.3Nb0.3O12,Li6.4La3Zr1.4Ta0.3Nb0.3O12,230.0,-3.217527375833714
554,La0.41Sr0.25Li0.25TiO3,La0.41Sr0.25Li0.25TiO3,221.0,-4.11690664142431
878,0.9(SiS2-Li2S)-0.1LiCl,Si0.9S2.8Li2.1Cl0.1,,-3.7351821769904636
192,La0.565Li0.305TiO3,La0.565Li0.305TiO3,123.0,-3.0190880622231564
854,Li3V1.6Al0.4(PO4)3,Li3V1.6Al0.4P3O12,,-5.20690839982342
356,Li1.5Fe0.5Ti1.5(PO4)3,Li1.5Fe0.5Ti1.5P3O12,167.0,-3.7594507517174
210,Li0.29La0.57TiO3,Li0.29La0.57TiO3,123.0,-4.356547323513813
84,LiB6O9F,LiB6O9F,33.0,-23.26760624017703
860,0.6 Li2S * 0.4 SiS2,Li1.2Si0.4S1.4,,-3.3010299956639813
1067,Li3PS4 ? 20 wt% Li6ZnNb4O14,Li52.84P15.61S62.45ZnNb4O14,,-3.653647025549361
826,Li1.9Mn1.05Cl4,Li1.9Mn1.05Cl4,,-5.336299074610352
127,LiI,LiI,225.0,-7.025037020567475
80,Li3.3Ge0.3P0.7S4,Li3.3Ge0.3P0.7S4,11.0,-2.756969041951625
1134,0.4Li2S-0.3Li2O-0.3P2S5,Li1.4O0.3P0.6S1.9,,-5.23210238398191
728,Li3.9Zn0.05GeS4,Li3.9Zn0.05GeS4,,-6.565431095965801
1212,0.6LiI-0.4Al2O3,Li0.6I0.6Al0.8O1.2000000000000002,,-4.404503778174426
430,Li3(NH2)2I,Li3N2H4I,186.0,-5.0
94,Li0.2Na0.3La0.5Nb2O6,Li0.2Na0.3La0.5Nb2O6,47.0,-4.928117992693875
81,Li3SbS4,Li3SbS4,31.0,-5.823908740944319
117,Li3.1Si0.55S0.45O4,Li3.1Si0.55S0.45O4,62.0,-6.503070351926785
122,Li7PS6,Li7PS6,,-4.945042068488103
339,Li1.4Ga0.4Ti1.6(PO4)3,Li1.4Ga0.4Ti1.6P3O12,167.0,-3.8927900303521317
435,Li3P,Li3P,194.0,-3.153044674980176
835,Li2OHBr0.98F0.02,Li2OHBr0.98F0.02,,-5.954677021213342
832,Li1.90Cd1.05Cl4,Li1.9Cd1.05Cl4,,-5.455931955649724
1331,Li1.1Y0.1Ti1.9(PO4)3,Li1.1Y0.1Ti1.9P3O12,,-6.531652669587842
773,Li10(Ge0.95Sn0.05)P2S12,Li10Ge0.95Sn0.05P2S12,,-2.1079053973095196
292,LiGaSiO4,LiGaSiO4,146.0,-15.522878745280337
633,Li5La3Bi2O12,Li5La3Bi2O12,230.0,-4.3979400086720375
478,Li6P(S4.9Se0.1)Br,Li6PS4.9Se0.1Br,216.0,-2.494850021680094
101,Li6.2La3Zr1.2Sb0.8O12,Li6.2La3Zr1.2Sb0.8O12,230.0,-3.3467874862246565
475,Li6B0.9PH3.6S4.9,Li6B0.9PH3.6S4.9,216.0,-2.744727494896694
700,Li6.4La3Zr1.4Ta0.5Nb0.1O12,Li6.4La3Zr1.4Ta0.5Nb0.1O12,230.0,-3.3526170298853804
1105,0.6Li2S-0.2Li2O-0.2P2S5,Li1.6O0.2P0.4S1.6,,-3.9507819773298185
94,Li3PS4,Li3PS4,31.0,-4.586366824281291
458,Li6PS5Cl0.75Br0.25,Li6PS5Cl0.75Br0.25,216.0,-2.6458915608525992
855,Li3V1.4Al0.6(PO4)3,Li3V1.4Al0.6P3O12,,-6.029653123769907
777,Li10(Ge0.5Sn0.5)P2S12,Li10Ge0.5Sn0.5P2S12,,-2.2097148359667584
819,Li3InBr4Cl2,Li3InBr4Cl2,,-5.120330794367947
11,LiMgSO4F,LiMgSO4F,2.0,-7.267606240177032
1065,Li3PS4 ? 10 wt% Li6ZnNb4O14,Li111.38P35.13S140.51ZnNb4O14,,-3.614393726401688
1233,0.9LiTi2(PO4)3-0.1Li3BO3,Li1.2000000000000002Ti1.8P2.7O11.100000000000001B0.1,,-3.595166283380062
1137,0.55Li2S-0.15Li2O-0.3P2S5,Li1.4000000000000001O0.15P0.6S2.05,,-4.995678626217358
740,LiTi2(PO4)3-0.1Li4P2O7,Li1.4Al0Ti2P3.2O12.7,,-3.795880017344075
1235,0.7LiTi2(PO4)3-0.3Li3BO3,Li1.5999999999999999Ti1.4P2.0999999999999996O9.299999999999999B0.3,,-3.6108339156354674
758,Li6.88La3Zr1.88Nb0.12O12,Li6.88La3Zr1.88Nb0.12O12,,-3.2225731776106885
596,Li7.06La3Y0.06Zr1.94O12,Li7.06La3Y0.06Zr1.94O12,230.0,-3.0195421077239
182,Li1.5Zn0.75PS4,Li1.5Zn0.75PS4,82.0,-4.782516055786093
63,0.7(0.6Li2S-0.4SiS2)- 0.3Li3PO4,Li1.74S1.22Si0.4P0.3O1.2,,-4.681936665037238
623,Li6.8La3Zr1.9Mo0.1O12,Li6.8La3Zr1.9Mo0.1O12,230.0,-4.096910013008056
772,Li10(Ge0.2Si0.8)P2S12,Li10Ge0.2Si0.8P2S12,,-2.317854923626168
1210,0.8LiI-0.2Al2O3,Li0.8I0.8Al0.4O0.6000000000000001,,-5.164943898279883
1295,La0.55Li0.36Ti0.95Ru0.05O3,La0.55Li0.36Ti0.95Ru0.05O3,,-4.2839966563652006
118,Li6SrLa2Ta2O12,Li6SrLa2Ta2O12,230.0,-5.192470053382839
577,Li1.65Mn0.65In0.35Cl4,Li1.65Mn0.65In0.35Cl4,227.0,-7.00436480540245
1178,0.78(0.29B2S3-0.71Li2S)-0.22LiI,B0.452S1.389Li1.64I0.22,,-3.1830961606243395
634,Li6La2SrBi2O12,Li6La2SrBi2O12,230.0,-4.2839966563652006
1049,Li3PS4 ? 5 wt% Al2O3,Li16.14P5.38S21.52AlO1.5,,-3.707743928643524
1306,La0.416Li0.25Ti0.75Al0.25O3,La0.416Li0.25Ti0.75Al0.25O3,,-4.115771230367396
71,Li3AlF6,Li3AlF6,15.0,-6.301029995663981
936,0.53Li2O-0.03Al2O3-0.04TiO2-0.4P2O5,Al0.06Li1.06O2.7P0.8Ti0.04,,-6.565431095965801
1300,La0.54Li0.36Ti0.995W0.005O3,La0.54Li0.36Ti0.995W0.005O3,,-3.5850266520291822
841,Li2OHCl,Li2OHCl,,-7.368556230986828
486,Li6P(S4.1Se0.9)Br,Li6PS4.1Se0.9Br,216.0,-2.417936637088291
93,Li3N,Li3N,191.0,-3.221848749616356
541,Li0.25Sr0.625Zr0.5Nb0.5O3,Li0.25Sr0.625Zr0.5Nb0.5O3,221.0,-6.560667306169737
761,Li6.5La3Zr1.5Nb0.5O12,Li6.5La3Zr1.5Nb0.5O12,,-3.5257837359237447
242,Li3.25Sn0.25P0.75S4,Li3.25Sn0.25P0.75S4,137.0,-2.4436974992327127
1230,0.8LiTi2(PO4)3-0.2Li3PO4,Li1.4000000000000001Ti1.6P2.6000000000000005O10.400000000000002,,-3.714442690992226
567,Li0.19La0.67(Ti0.9Co0.1)O3,Li0.19La0.67Ti0.9Co0.1O3,225.0,-3.96657624451305
747,Li3OCl,Li3OCl,,-3.832682665251824
116,Li6PS5Cl,Li6PS5Cl,216.0,-3.9846293877759393
472,Li6.35P0.65Si0.35S5Br,Li6.35P0.65Si0.35S5Br,216.0,-2.630784142589857
848,Li2.6Zn0.7GeO4,Li2.6Zn0.7GeO4,,-7.2373214362725635
1226,LiHf2(PO4)3-0.4Li2O,Li1.8Hf2P3O12.4,,-4.468521082957745
1151,Li2.7PO3.9,Li2.7PO3.9,,-7.154901959985743
23,0.95(0.6Li2S-0.4SiS2)-0.05Li3InO3,Li1.29S1.37Si0.4In0.05O0.15,,-3.506222725348348
30,0.6Li2S-0.4P2S5,Li1.2S2.6P0.8,,-4.651385328620141
0,0.14 SiS2-0.09 P2S5-0.47 Li2S-0.30 LiI,I0.3Li1.24P0.18S1.2Si0.14,,-2.7786033870301154
677,Li5.90La3Ta1.55Sm0.45O12,Li5.9La3Ta1.55Sm0.45O12,230.0,-4.928117992693875
464,Li6.075P0.925Si0.075S5Br,Li6.075P0.925Si0.075S5Br,216.0,-3.0589857562944305
931,0.505Li2O-0.005Al2O3-0.09TiO2-0.4P2O5,Al0.01Li1.01O2.7P0.8Ti0.09,,-6.749579997691106
115,Li6PS5Br,Li6PS5Br,216.0,-3.5527874703441014
550,La0.52Li0.42TiO3,La0.52Li0.42TiO3,221.0,-3.142064735280571
32,0.94(0.6Li2S-0.4SiS2)-0.06Li3AlO3,Li1.308S1.364Si0.4Al0.06O0.18,,-3.170726731200959
1039, (0.75Li2S-0.25P2S5),Li1.5P0.5S2,,-3.571865205971211
1000,0.95(0.63Li2-0.37SiS2)-0.05(0.63Li2O-0.37P2O5),Li1.26Si0.37S0.74O1.882P0.74,,-3.0599818449923366
38,0.95(0.6Li2S-0.4SiS2)-0.05Li4GeO4,Li1.34S1.37Si0.4Ge0.05O0.2,,-2.92083383414551
992,0.60Li2-0.4SiS2,Li1.2Si0.4S0.8,,-2.9244530386074694
101,(Ag0.67Li0.33)0.27La0.57TiO3,Ag0.18090000000000003Li0.08910000000000001La0.57TiO3,47.0,-6.698970004336019
108,Li0.16La0.7TiO3,Li0.16La0.7TiO3,47.0,-3.2831622767004753
867,0.26B2S3 ? 0.3Li2S ? 0.44LiI,B0.52S1.08Li1.04I0.44,,-2.8041003475907664
171,Sm0.52Li0.38TiO2.97,Sm0.52Li0.38TiO2.97,62.0,-6.698970004336019
1141,0.9Li3PS4???10ZnO,Li2.7P0.9S3.6Zn0.1O0.1,,-3.537602002101044
178,Li2.5Zn0.25PS4,Li2.5Zn0.25PS4,82.0,-3.0757207139381184
872,0.2 LiBr-0.4 SiS2-0.4 Li2S,Br0.2LiS1.2Si0.4,,-3.677780705266081
1136,0.5Li2S-0.2Li2O-0.3P2S5,Li1.4O0.2P0.6S2,,-5.079354998593212
221,Li9.75Sn0.75P2.25S12,Li9.75Sn0.75P2.25S12,137.0,-2.447331783887807
1058,Li3PS4 ? 8 wt% SiO2,Li11.52P3.84S15.35SiO2,,-3.795880017344075
864,(2Li2S-P2S5)0.60(LiI)0.40,Li2.8P1.2S4.2I0.4,,-3.1191864077192086
973,0.63Li2S-0.37P2S3,Li1.26S1.7399999999999998P0.74,,-4.5934598195660445
1175,0.29B2S3-0.71Li2S,B0.58S1.5799999999999998Li1.42,,-3.567030709125594
105,Li6.5La3Zr1.5Ta0.5O12,Li6.5La3Zr1.5Ta0.5O12,230.0,-3.115254926899324
71,Li10.35Ge1.35P1.65S12,Li10.35Ge1.35P1.65S12,137.0,-1.8462091976246853
749,Li6.6La2.6Ce0.4Zr2O12,Li6.6La2.6Ce0.4Zr2O12,,-4.841637507904751
146,Li2ZnI4,Li2ZnI4,62.0,-7.3979400086720375
325,Li1.3Ti2Si0.3P2.7O12,Li1.3Ti2Si0.3P2.7O12,167.0,-3.494850021680094
1009,0.725Li2S-0.275P2S5,Li1.45S2.1P0.55,,-3.3458234581220396
404,Li1.5Fe0.5Ti0.5(PO4)3,Li1.5Fe0.5Ti0.5P3O12,167.0,-3.5686362358410126
1204,0.9(0.65Li2S-0.35SiS2)-0.1Li3PO4,Li1.47S1.285Si0.35P0.1O0.4,,-4.146910470148135
570,Li(Li0.34Ti1.66)O4,LiLi0.34Ti1.66O4,227.0,-7.219682687859849
551,La0.6Sr0.06Li0.06TiO3,La0.6Sr0.06Li0.06TiO3,221.0,-4.94692155651658
49,Li1.4Al0.4Ti1.6(PO4)3,Li1.4Al0.4Ti1.6P3O12,167.0,-2.9469529629899713
386,Li1.3Al0.15Sc0.15Ti1.7(PO4)3,Li1.3Al0.15Sc0.15Ti1.7P3O12,167.0,-2.906578314837765
77,LiVO3,LiVO3,15.0,-8.688246138944246
103,Nd0.55Li0.34TiO3,Nd0.55Li0.34TiO3,47.0,-6.096910013008056
1087,Li3.25Ge0.25P0.75S3.5Se0.5,Li3.25Ge0.25P0.75S3.5Se0.5,,-3.2984320149440727
937,0.54Li2O-0.04Al2O3-0.02TiO2-0.4P2O5,Al0.08Li1.08O2.7P0.8Ti0.02,,-6.705533773838407
142,Li(BH4),LiBH4,62.0,-8.0
1287,Li0.5La0.5Ti0.996Ge0.004O3,Li0.5La0.5Ti0.996Ge0.004O3,,-3.015922966097169
1164,Li3.3PO2.9N0.83,Li3.3PO2.9N0.83,,-5.508638306165727
1182,0.89(0.25B2S3-0.75Li2S)-0.11LiI,B0.445S1.417Li1.61I0.11,,-3.4584207560534193
853,Li3V1.8Al0.2(PO4)3,Li3V1.8Al0.2P3O12,,-5.72584215073632
223,Li9.42Si1.02P2.1S9.96O2.04,Li9.42Si1.02P2.1S9.96O2.04,137.0,-3.958607314841775
1023,0.75Li6Si2S7-0.25Li6B4O9,Li6Si1.5S5.25BO2.25,,-3.8477116556169433
1079,Li3PS4 ? 60 wt% Li7La3Zr2O12,Li8.16P1.55S6.22La1.5ZrO6,,-3.6595558851598815
629,Li6.5La3Zr1.75Te0.25O12,Li6.5La3Zr1.75Te0.25O12,230.0,-2.9913998282380825
1129,0.15Li2S-0.55Li2O-0.3P2S5,Li1.4000000000000001O0.55P0.6S1.65,,-6.537602002101044
725,Li2.86Ca0.07InBr6,Li2.86Ca0.07InBr6,,-3.393618634889395
20,0.95(0.6Li2S-0.4SiS2)-0.05Li3AlO3,Li1.29S1.37Si0.4Al0.05O0.15,,-2.8981844368347436
1194,0.99(0.61Li2S-0.39SiS2)-0.01Li3PO4,Li1.238S1.384Si0.39P0.01O0.04,,-3.2967086218813386
1257,(Li0.39La0.54)1.006Al0.006Ti0.994O3,Li0.39234La0.5432400000000001Al0.006Ti0.994O3,,-2.9469215565165805
193,La0.5Li0.5TiO3,La0.5Li0.5TiO3,123.0,-3.0338582672609675
669,Li51.2Al1.6La24Zr16O96,Li51.2Al1.6La24Zr16O96,230.0,-3.595166283380062
829,Li1.52Mn1.24Cl4,Li1.52Mn1.24Cl4,,-4.732828271596986
169,Nd0.54Li0.36TiO3,Nd0.54Li0.36TiO3,62.0,-7.465973893943865
1340,Li6.6La2.75Y0.25Zr1.6Ta0.4O12,Li6.6La2.75Y0.25Zr1.6Ta0.4O12,,-3.360513510731414
114,Li6.5O8P1.5Si0.5,Li6.5O8P1.5Si0.5,62.0,-6.347753658996677
1277,Li0.5La0.5Ti0.98Zr0.02O3,Li0.5La0.5Ti0.98Zr0.02O3,,-3.3809066693732572
89,Li3.8Si0.8P0.2S4,Li3.8Si0.8P0.2S4,11.0,-6.0920528055333865
409,Li1.5Cr0.5Ge1.5(PO4)3,Li1.5Cr0.5Ge1.5P3O12,167.0,-3.9172146296835497
93,Li0.3Na0.2La0.5Nb2O6,Li0.3Na0.2La0.5Nb2O6,47.0,-4.954677021213342
884,(0.4SiS2-0.6Li2S),Si0.4Li1.2S1.4,,-3.275724130399211
990,0.5Li2-0.5SiS2,LiSi0.5S,,-3.473660722610156
1176,0.95(0.29B2S3-0.71Li2S)-0.05LiI,B0.551S1.536Li1.47I0.05,,-3.4294570601181027
513,Li6.5P0.5Ge0.5S5I,Li6.5P0.5Ge0.5S5I,216.0,-3.266000713461613
1075,Li3PS4 ? 25 wt% Li7La3Zr2O12,Li24.49P7S27.99La1.5ZrO6,,-3.3872161432802645
27,Li1.2In0.2Ti1.8(PO4)3,Li1.2In0.2Ti1.8P3O12,167.0,-3.7470317877167254
126,Li3.2Si0.2Al0.8S4,Li3.2Si0.2Al0.8S4,62.0,-6.642065152999546
119,Li4.2Si0.8Al0.2S4,Li4.2Si0.8Al0.2S4,62.0,-7.619788758288394
161,Li3.855Sn0.855As0.145S4,Li3.855Sn0.855As0.145S4,62.0,-3.8827287043442356
1223,LiHf2(PO4)3-0.1Li2O,Li1.2Hf2P3O12.1,,-3.9507819773298185
393,Li1.2Al0.2Ti0.8(PO4)3,Li1.2Al0.2Ti0.8P3O12,167.0,-2.3979400086720375
70,Li10.2(Sn0.2Si0.8)1.2P1.8S12,Li10.2Sn0.24Si0.96P1.8S12,137.0,-2.338520483468872
1041,0.89(0.75Li2S-0.25P2S5)-0.11LiBH4,Li1.445S1.917P0.5B0.11H0.44,,-3.209011524911184
589,Li6.25Ba1.25La1.75Ta2O12,Li6.25Ba1.25La1.75Ta2O12,230.0,-4.296708621881338
1332,Li1.2Y0.2Ti1.8(PO4)3,Li1.2Y0.2Ti1.8P3O12,,-6.0996328713435295
1020,0.95Li6Si2S7-0.05Li6B4O9,Li5.999999999999999Si1.9S6.6499999999999995B0.2O0.45,,-3.3861581781239307
122,Li4.8Si0.2Al0.8S4,Li4.8Si0.2Al0.8S4,62.0,-6.647817481888637
145,Li4SnS4,Li4SnS4,62.0,-4.154901959985743
429,LiAlSiO4,LiAlSiO4,181.0,-8.698970004336019
212,La0.56Li0.33TiO3-5wt% Al2O3,La0.3Li0.17Ti0.53O1.73Al0.1,123.0,-3.779891911959945
1260,(Li0.39La0.54)1.005Cr0.01Ti0.99O3,Li0.39194999999999997La0.5427Cr0.01Ti0.99O3,,-3.0213630516155257
824,Li1.6Mg1.2Cl4,Li1.6Mg1.2Cl4,,-5.512861624522814
1040,0.95(0.75Li2S-0.25P2S5)-0.05LiBH4,Li1.475S1.962P0.5B0.05H0.2,,-3.400116927926312
352,Li1.2La0.2Ti1.8(PO4)3,Li1.2La0.2Ti1.8P3O12,167.0,-4.096910013008056
556,La0.36Sr0.3Li0.3TiO3,La0.36Sr0.3Li0.3TiO3,221.0,-4.716698771296451
890,0.24SiS2-0.36Li2S-0.4LiI,I0.4Li1.12S0.84Si0.24,,-2.744727494896694
879,0.8(SiS2-Li2S)-0.2LiCl,Si0.8S2.6Li2.2Cl0.2,,-3.6289321377282637
1196,0.98(0.61Li2S-0.39SiS2)-0.02Li3PO4,Li1.256S1.378Si0.39P0.02O0.08,,-3.114073660198569
648,Li7La3Zr1.9222Al0.0778O12,Li7La3Zr1.9222Al0.0778O12,230.0,-3.8013429130455774
1100,0.35Li2S-0.45Li2O-0.2P2S5,Li1.6O0.45P0.4S1.35,,-4.279014255846261
930,0.5025Li2O-0.0025Al2O3-0.095TiO2-0.4P2O5,Al0.005Li1.005O2.7P0.8Ti0.095,,-7.806875401645538
724,Li2.9Ca0.05InBr6,Li2.9Ca0.05InBr6,,-3.6655462488490693
298,LiNaSO4,LiNaSO4,159.0,-9.05551732784983
1035,0.667Li2S-0.333P2S5,Li1.334S2.332P0.666,,-4.4156687756324695
1339,Li6.6La2.875Y0.125Zr1.6Ta0.4O12,Li6.6La2.875Y0.125Zr1.6Ta0.4O12,,-3.4989407377822483
104,Li6.4La3Zr1.4Ta0.6O12,Li6.4La3Zr1.4Ta0.6O12,230.0,-3.0467538112676174
128,LiPO3,LiPO3,13.0,-8.979303657420887
1127,0.05Li2S-0.65Li2O-0.3P2S5,Li1.4000000000000001O0.65P0.6S1.55,,-7.82102305270683
646,Li6.16Al0.28La3Zr2O12,Li6.16Al0.28La3Zr2O12,230.0,-3.214670164989233
1333,Li1.3Y0.3Ti1.7(PO4)3,Li1.3Y0.3Ti1.7P3O12,,-5.995678626217358
153,Pr0.59Li0.23TiO3,Pr0.59Li0.23TiO3,62.0,-5.468521082957745
996,0.95(0.53Li2-0.47SiS2)-0.05(0.53Li2O-0.47P2O5),Li1.06Si0.47S0.94O2.376P0.94,,-3.2284125191187445
6,La0.56Li0.33TiO3,La0.56Li0.33TiO3,123.0,-3.2812654136679034
975,0.7Li2S-0.3P2S3,Li1.4S1.5999999999999999P0.6,,-4.102372908709558
408,Li1.3Cr0.3Ge1.7(PO4)3,Li1.3Cr0.3Ge1.7P3O12,167.0,-4.052076380168273
1187,0.9(0.5Li2S-0.5SiS2)-0.1Li3PO4,Li1.2S1.45Si0.5P0.1O0.4,,-4.170053304058364
627,Li6.5La3Zr1.75Mo0.25O12,Li6.5La3Zr1.75Mo0.25O12,230.0,-3.4775557664936803
1238,LiTi2(PO4)3-0.15LiPO4,Li1.15Ti2P3.15O12.6,,-3.2218487496163566
1006,0.65Li2S-0.35P2S5,Li1.3S2.4P0.7,,-4.382999658879101
61,Li1.6Al0.6Ge1.4(PO4)3,Li1.6Al0.6Ge1.4P3O12,167.0,-3.475592719063694
474,Li7Ge3PS12,Li7Ge3PS12,216.0,-3.958607314841775
62,0.8Li2S-0.2P2S5,Li1.6S1.8P0.4,,-3.5154741280128174
769,Li10(Ge0.7Si0.3)P2S12,Li10Ge0.7Si0.3P2S12,,-2.2350770153501114
58,LiAlCl4,LiAlCl4,14.0,-6.0
738,LiTi2(PO4)3-0.4Li2O,Li1.8Al0Ti2P3O12.4,,-3.886056647693163
335,Li1.6Cr0.6Ti1.4(PO4)3,Li1.6Cr0.6Ti1.4P3O12,167.0,-3.899629454882437
628,Li6.75La3Zr1.875Te0.125O12,Li6.75La3Zr1.875Te0.125O12,230.0,-3.4814860601221125
402,Li1.2Fe0.2Ti0.8(PO4)3,Li1.2Fe0.2Ti0.8P3O12,167.0,-2.853871964321762
1276,Li0.5La0.5Ti0.9Sn0.1O3,Li0.5La0.5Ti0.9Sn0.1O3,,-3.5850266520291822
12,0.2(Li2S) 0.8(GeS2),Li0.4S1.8Ge0.8,,-6.958607314841775
1262,(Li0.39La0.54)1.025Cr0.05Ti0.95O3,Li0.39975La0.5535Cr0.05Ti0.95O3,,-2.9829666607012197
209,Li0.42La0.52TiO3,Li0.42La0.52TiO3,123.0,-3.0721165896692932
15,Li2ZnGeO4,Li2ZnGeO4,7.0,-7.0
1060,Li3PS4 ? 30 wt% SiO2,Li3PS4Si1.28O2.57,,-4.0
419,LiIO3,LiIO3,173.0,-6.721246399047171
1135,0.45Li2S-0.25Li2O-0.3P2S5,Li1.4O0.25P0.6S1.95,,-5.292429823902063
1073,Li3PS4 ? 10 wt% Li7La3Zr2O12,Li66.47P20.99S83.96La1.5ZrO6,,-3.5287082889410613
516,Li6.8P0.2Ge0.8S5I,Li6.8P0.2Ge0.8S5I,216.0,-4.283162276700476
1043,Li7P2.9S10.85Mo0.01,Li7P2.9S10.85Mo0.01,,-2.318758762624413
1158,Li3.7PO3.4N0.7,Li3.7PO3.4N0.7,,-5.627087997029894
25,Li1.2Al0.2Ge1.8(PO4)3,Li1.2Al0.2Ge1.8P3O12,167.0,-4.519795532537621
685,Li5La3Nb1.75Y0.25O12,Li5La3Nb1.75Y0.25O12,230.0,-5.025949097207123
827,Li1.72Mn1.14Cl4,Li1.72Mn1.14Cl4,,-5.441291429466834
81,Li3.3Si0.3P0.7S4,Li3.3Si0.3P0.7S4,11.0,-4.99920236490337
342,Li1.3Fe0.3Ti1.7(PO4)3,Li1.3Fe0.3Ti1.7P3O12,167.0,-3.6090648928966207
133,0.5 SiS2-0.5 Li2S,SiS3Li2,,-3.8723637474483468
1,La0.51Li0.34TiO2.94,La0.51Li0.34TiO2.94,221.0,-3.5774509799928715
1093,0.8Li2O-0.2P2S5,Li1.6O0.8P0.4S,,-4.8124792791635365
19,0.63(Li2S) 0.37(GeS2),Li1.26S1.37Ge0.37,,-3.8239087409443187
299,Li3.333Mg0.333P2S6,Li3.333Mg0.333P2S6,162.0,-7.086186147616283
676,Li5.70La3Ta1.65Sm0.35O12,Li5.7La3Ta1.65Sm0.35O12,230.0,-4.667561540084395
83,Li3.4Si0.4P0.6S4,Li3.4Si0.4P0.6S4,11.0,-2.914205072641421
536,(Li0.16Sr0.69)(Ga0.25Ta0.75)O3,Li0.16Sr0.69Ga0.25Ta0.75O3,221.0,-5.432973633840939
288,Li7La3HfO12,Li7La3HfO12,142.0,-6.006563769502388
53,0.825(0.6Li2S-0.4SiS2)- 0.175Li3AlO3,Li1.515S1.295Si0.4Al0.175O0.525,,-3.8929093456680897
552,La0.56Sr0.1Li0.1TiO3,La0.56Sr0.1Li0.1TiO3,221.0,-4.863279432843593
70,Li6Zr2O7,Li6Zr2O7,15.0,-9.2839966563652
465,Li6.1P0.95Si0.1S5Br,Li6.1P0.95Si0.1S5Br,216.0,-3.097453220686009
986,0.75(0.2Li2O-0.8Li2S)-0.25P2S5,Li1.9O0.15S2.05P0.5,,-3.7878123955960423
655,Li5.2La3Nb1.9Y0.1O12,Li5.2La3Nb1.9Y0.1O12,230.0,-4.1944991418416
1236,0.5LiTi2(PO4)3-0.5Li3BO3,Li2TiP1.5O7.5B0.5,,-4.5638373529592435
1292,La0.56Li0.36Ti0.95Al0.05O3,La0.56Li0.36Ti0.95Al0.05O3,,-3.193820026016113
733,Li9.6P3S12,Li9.6P3S12,,-2.9208187539523753
501,Li6P0.21Ge0.79S5I,Li6P0.21Ge0.79S5I,216.0,-2.2668027348934308
1307,La0.366Li0.3Ti0.7Al0.3O3,La0.366Li0.3Ti0.7Al0.3O3,,-4.764471553092451
1234,0.8LiTi2(PO4)3-0.2Li3BO3,Li1.4000000000000001Ti1.6P2.4000000000000004O10.200000000000001B0.2,,-3.5272435506827877
448,(Li0.61Mg0.39)(Li0.46Mg0.005Ti0.035)Ti1.5O4,Li0.61Mg0.39Li0.46Mg0.005Ti0.035Ti1.5O4,212.0,-9.18309616062434
36,Li3.5Si0.5P0.5S4,Li3.5Si0.5P0.5S4,11.0,-3.7931741239681505
565,Li7.2N1.6Cl2.4,Li7.2N1.6Cl2.4,225.0,-6.075720713938118
121,Li4.6Si0.4Al0.6S4,Li4.6Si0.4Al0.6S4,62.0,-7.838631997765025
1318,Li1.225Al0.225Zr1.55(PO4)3,Li1.225Al0.225Zr1.55P3O12,,-5.671620396561262
535,(La0.7Li0.3)(Ti0.6Al0.4)O3,La0.7Li0.3Ti0.6Al0.4O3,221.0,-6.982966660701219
126,LiHf2(PO4)3,LiHf2P3O12,167.0,-6.007093729209787
43,Li3.7P0.3Si0.7O4,Li3.7P0.3Si0.7O4,11.0,-6.4156687756324695
150,Pr0.56Li0.32TiO3,Pr0.56Li0.32TiO3,62.0,-5.718966632752273
967,0.2Li3N-0.8SiS2,Li0.6000000000000001N0.2Si0.8S1.6,,-5.835647144215563
688,Li7La3Zr1.6Ga0.4O12,Li7La3Zr1.6Ga0.4O12,230.0,-4.356547323513813
755,Li2S*P2S5*Li3N,Li5S6P2N,,-2.853871964321762
591,Li6.75Ba1.75La1.25Ta2O12,Li6.75Ba1.75La1.25Ta2O12,230.0,-4.903089986991944
1271,La0.63Li0.1Mg0.5W0.5O3,La0.63Li0.1Mg0.5W0.5O3,,-5.772113295386326
1171,0.85(0.33B2S3-0.67Li2S)-0.15LiI,B0.561S1.512Li1.49I0.15,,-3.3080348972326394
160,Li3.87Sn0.87As0.13S4,Li3.87Sn0.87As0.13S4,62.0,-4.8297382846050425
658,Li6.5La3Nb1.25Y0.75O12,Li6.5La3Nb1.25Y0.75O12,230.0,-3.4647058799572297
108,Li6.75La3Zr1.75Ta0.25O12,Li6.75La3Zr1.75Ta0.25O12,230.0,-3.167738072837159
382,Li0.86Hf2.035(PO4)3,Li0.86Hf2.035P3O12,167.0,-7.036212172654444
304,Li3ErCl6,Li3ErCl6,164.0,-3.4814860601221125
708,Li6.660La3Zr2O12Al0.258,Li6.66La3Zr2O12Al0.258,230.0,-3.8210230527068307
44,Li1.3Sc0.3Ti1.7(PO4)3,Li1.3Sc0.3Ti1.7P3O12,167.0,-3.6297934021972
1051,Li3PS4 ? 10 wt% Al2O3,Li7.65P2.55S10.19AlO1.5,,-3.8239087409443187
705,Li7.131La3Zr2O12Al0.244,Li7.131La3Zr2O12Al0.244,230.0,-4.111820506081675
410,Li1.7Cr0.7Ge1.3(PO4)3,Li1.7Cr0.7Ge1.3P3O12,167.0,-4.609064892896621
932,0.5075Li2O-0.0075Al2O3-0.085TiO2-0.4P2O5,Al0.015Li1.015O2.7P0.8Ti0.085,,-6.600326278518962
1160,Li3.4PO3.1N0.9,Li3.4PO3.1N0.9,,-5.55129368009492
274,Li9.4Ba0.3GeP2S12,Li9.4Ba0.3GeP2S12,137.0,-3.1505805862031004
530,Li2(OH)Br,Li2OHBr,221.0,-5.920818753952375
61,LiClC3H7NO,LiClC3H7NO,14.0,-3.795880017344075
3,Li7SbO6,Li7SbO6,2.0,-7.173925197299173
443,Li3AlN2,Li3AlN2,206.0,-7.301029995663981
123,Li3.8Si0.8Al0.2S4,Li3.8Si0.8Al0.2S4,62.0,-7.623423042943488
831,Li1.94Cl1.03Cl4,Li1.94Cl1.03Cl4,,-5.591760034688151
133,Li3PO4,Li3PO4,62.0,-17.3767507096021
485,Li6P(S4.2Se0.8)Br,Li6PS4.2Se0.8Br,216.0,-2.4584207560534193
1225,LiHf2(PO4)3-0.3Li2O,Li1.6Hf2P3O12.3,,-4.58838029403677
751,80Li2S * 20P2S5,Li160S85P2,,-3.1426675035687315
671,Li6.5La3Hf1.5Ta0.5O12,Li6.5La3Hf1.5Ta0.5O12,230.0,-3.3979400086720375
336,Li1.7Cr0.7Ti1.3(PO4)3,Li1.7Cr0.7Ti1.3P3O12,167.0,-5.094204119632131
972,0.6Li2S-0.4P2S3,Li1.2S1.8000000000000003P0.8,,-5.2441251443275085
2,Li7BiO6,Li7BiO6,2.0,-6.055517327849832
1101,0.4Li2S-0.4Li2O-0.2P2S5,Li1.6O0.4P0.4S1.4,,-4.351639989019068
1112,0.1Li2S-0.65Li2O-0.25P2S5,Li1.5O0.65P0.5S1.35,,-4.598599459218456
88,LiGa2GeS6,LiGa2GeS6,43.0,-7.42021640338319
1261,(Li0.39La0.54)1.01Cr0.02Ti0.98O3,Li0.39390000000000003La0.5454Cr0.02Ti0.98O3,,-2.9956786262173574
1088,Li3.20Ge0.20P0.8S3.6Se0.4,Li3.2Ge0.2P0.8S3.6Se0.4,,-2.96657624451305
1119,0.45Li2S-0.3Li2O-0.25P2S5,Li1.5O0.3P0.5S1.7,,-4.638272163982407
219,La0.62 Li0.14(Mg0.5W0.5)O3,La0.62Li0.14Mg0.5W0.5O3,129.0,-4.920818753952375
1310,Li0.24La0.59TiO3,Li0.24La0.59TiO3,,-3.003050751504619
888,0.6(0.4SiS2-0.6Li2S)-0.4LiI,Si0.24S1.08Li1.6I0.4,,-2.749579997691106
1012,0.1LiI-0.9(0.6Li2S-0.4SiS2),Li1.18I0.1S1.34Si0.4,,-3.6289321377282637
1099,0.3Li2S-0.5Li2O-0.2P2S5,Li1.6O0.5P0.4S1.3,,-4.361510743045363
989,0.45Li2-0.55SiS2,Li0.9Si0.55S1.1,,-3.96657624451305
928,0.9(0.6Li2S-0.4SiS2)-0.1Li2SO4,Li1.28S1.44Si0.4O0.4,,-4.327902142064283
10,Li0.24La0.65TiO3,Li0.24La0.65TiO3,47.0,-3.1289561245337127
272,Li9.8Ba0.1GeP2S12,Li9.8Ba0.1GeP2S12,137.0,-3.251037138743839
614,Li6.65La3Zr1.65Ta0.35O12,Li6.65La3Zr1.65Ta0.35O12,230.0,-3.113509274827518
164,Li3.83Sn0.83As0.17S4,Li3.83Sn0.83As0.17S4,62.0,-2.856985199745905
110,Li5AlO4,Li5AlO4,59.0,-9.301029995663981
765,Li7GePS8,Li7GePS8,,-2.154901959985743
69,Li10.2Ge1.2P1.8S12,Li10.2Ge1.2P1.8S12,137.0,-1.8729435802119663
825,Li1.34Mg1.33Cl4,Li1.34Mg1.33Cl4,,-5.512861624522814
96,Li0.07Na0.43La0.5Nb2O6,Li0.07Na0.43La0.5Nb2O6,47.0,-4.910094888560602
778,Li10(Ge0.4Sn0.6)P2S12,Li10Ge0.4Sn0.6P2S12,,-2.2395775165767877
657,Li5.5La3Nb1.75Y0.25O12,Li5.5La3Nb1.75Y0.25O12,230.0,-4.037157318798758
1120,0.5Li2S-0.25Li2O-0.25P2S5,Li1.5O0.25P0.5S1.75,,-5.0195421077238995
112,Li6CaLa2Ta2O12,Li6CaLa2Ta2O12,230.0,-5.657577319177793
1090,Li3.1Ge0.1P0.9S3.8Se0.2,Li3.1Ge0.1P0.9S3.8Se0.2,,-2.9469215565165805
243,Li10SiP2S12,Li10SiP2S12,137.0,-2.638272163982407
543,Li2.99Ba0.005Cl0.5I0.5O,Li2.99Ba0.005Cl0.5I0.5O,221.0,-2.4723700991286615
311,Li1.1Ti1.9Sc0.1(PO4)3,Li1.1Ti1.9Sc0.1P3O12,167.0,-3.4100503986742923
874,0.3 LiBr-0.3 SiS2-0.35 Li2S,Br0.3LiS0.95Si0.3,,-3.494850021680094
172,Li4GeO4,Li4GeO4,63.0,-9.55284196865778
1021,0.9Li6Si2S7-0.1Li6B4O9,Li6Si1.8S6.3B0.4O0.9,,-3.424812155072339
412,Li1.5Ga0.5Ge1.5(PO4)3,Li1.5Ga0.5Ge1.5P3O12,167.0,-4.696803942579511
89,La0.64Li0.08TiO3,La0.64Li0.08TiO3,47.0,-3.474955192963155
471,Li6.3P0.7Si0.3S5Br,Li6.3P0.7Si0.3S5Br,216.0,-2.7825160557860937
762,Li6La3ZrNbO12,Li6La3ZrNbO12,,-3.8239087409443187
1152,Li3.6(Si0.19P0.82)O4.2,Li3.6Si0.19P0.82O4.2,,-6.698970004336019
494,Li6P0.85Ge0.15S5I,Li6P0.85Ge0.15S5I,216.0,-4.399027104313252
92,Li3InBr6,Li3InBr6,12.0,-3.3979291515814154
780,Li10(Ge0.2Sn0.8)P2S12,Li10Ge0.2Sn0.8P2S12,,-2.321481620959886
861,(2Li2S-P2S5),Li4P2S7,,-3.9507819773298185
659,Li6Ba0.5Sr0.5La2Ta2O12,Li6Ba0.5Sr0.5La2Ta2O12,230.0,-5.1487416512809245
1335,LiTi2(PO4)3-0.5LiF,Li1.5Ti2P3O12F0.5,,-3.6345120151091
544,Sm0.5Li0.42TiO2.96,Sm0.5Li0.42TiO2.96,221.0,-9.405607449624574
514,Li6.55P0.45Ge0.55S5I,Li6.55P0.45Ge0.55S5I,216.0,-3.3861581781239307
637,Li5La3Sb2O12,Li5La3Sb2O12,230.0,-5.086186147616283
1046,Li11AlP2S12,Li11AlP2S12,,-3.0958256317158366
796,0.58Li2O-0.42P2O5,Li1.16O2.68P0.84,,-7.698970004336019
130,0.5Li2S-0.5SiS2,LiS1.5Si0.5,,-5.060050837834995
727,Li2.7Ca0.15InBr6,Li2.7Ca0.15InBr6,,-4.15676722190199
118,Li6.6SiPO8,Li6.6SiPO8,62.0,-6.8297382846050425
938,0.545Li2O-0.045Al2O3-0.01TiO2-0.4P2O5,Al0.09Li1.09O2.7P0.8Ti0.01,,-7.146301788223826
1282,Li0.5La0.5Ti0.996Mn0.004O3,Li0.5La0.5Ti0.996Mn0.004O3,,-3.015922966097169
521,Fe0.16La2.95Li5.68Zr2O12,Fe0.16La2.95Li5.68Zr2O12,220.0,-3.0291883891274822
510,Li6.5P0.5Sn0.5S5I,Li6.5P0.5Sn0.5S5I,216.0,-3.6289321377282637
469,Li6.225P0.775Si0.225S5Br,Li6.225P0.775Si0.225S5Br,216.0,-2.96657624451305
974,0.667Li2S-0.333P2S3,Li1.334S1.6660000000000001P0.666,,-3.958607314841775
170,Pr0.51Li0.39TiO2.96,Pr0.51Li0.39TiO2.96,62.0,-6.272458742971444
454,Li6PS5Cl0.5Br0.5,Li6PS5Cl0.5Br0.5,216.0,-2.4775557664936803
999,0.95(0.6Li2-0.4SiS2)-0.05(0.6Li2O-0.4P2O5),Li1.2Si0.4S0.8O2.03P0.8,,-2.9956786262173574
1,LiSn2(PO4)3,LiSn2P3O12,2.0,-8.6903698325741
538,Li0.25Sr0.625Ta0.5Zr0.5O3,Li0.25Sr0.625Ta0.5Zr0.5O3,221.0,-6.476253533188435
811,Li6.10La3Zr2Ga0.25O12,Li6.1La3Zr2Ga0.25O12,,-4.154901959985743
495,Li6P0.75Ge0.25S5I,Li6P0.75Ge0.25S5I,216.0,-4.486782399932061
76,Li10SnP2S12,Li10SnP2S12,137.0,-2.3309086744851935
1126,0.7Li2O-0.3P2S5,Li1.4O0.7P0.6S1.5,,-10.23807216157947
630,Li6.375La3Zr1.375Nb0.625O12,Li6.375La3Zr1.375Nb0.625O12,230.0,-2.8632794328435933
1267,(La0.5Li0.5)0.95Sr0.05TiO3,La0.475Li0.475Sr0.05TiO3,,-2.826813731587726
1275,Li0.5La0.5Ti0.94Sn0.06O3,Li0.5La0.5Ti0.94Sn0.06O3,,-3.453457336521869
65,Li1.7Al0.7Ge1.3(PO4)3,Li1.7Al0.7Ge1.3P3O12,167.0,-3.6098110706246693
8,La0.61Li0.18TiO3,La0.61Li0.18TiO3,123.0,-3.5324782489279056
77,Li3.2Ge0.2P0.8S4,Li3.2Ge0.2P0.8S4,11.0,-3.2549259108517976
1251,LiTi2(PO4)3-0.8LiCl,Li1.8Ti2P3O12Cl0.8,,-2.8927900303521317
58,Li1.5Sc0.5Ti1.5(PO4)3,Li1.5Sc0.5Ti1.5P3O12,167.0,-4.9314400961428975
978,0.555Li2S-0.4SiS2-0.045Li3N,Li1.245N0.045S1.355Si0.4,,-2.8239087409443187
511,Li6.4P0.6Ge0.4S5I,Li6.4P0.6Ge0.4S5I,216.0,-3.600326278518962
449,(Li0.55Mg0.45)(Li0.445Mg0.055)Ti1.5O4,Li0.55Mg0.45Li0.445Mg0.055Ti1.5O4,212.0,-10.8153085691824
366,Li1.3(Al0.23Sc0.07Ti1.7)(PO4)3,Li1.3Al0.23Sc0.07Ti1.7P3O12,167.0,-6.7121982700697735
520,Li4B7O12Cl,Li4B7O12Cl,219.0,-4.619788758288394
537,Li0.375Sr0.4375Zr0.25Ta0.75O3,Li0.375Sr0.4375Zr0.25Ta0.75O3,221.0,-3.6989700043360187
759,Li6.75La3Zr1.75Nb0.25O12,Li6.75La3Zr1.75Nb0.25O12,,-3.1129456219490432
1173,0.66(0.33B2S3-0.67Li2S)-0.34LiI,B0.436S1.323Li1.68I0.34,,-3.282329496997738
263,Li9.87Sn0.87P2.13S12,Li9.87Sn0.87P2.13S12,137.0,-2.364516253185088
350,Li1.4In0.4Ti1.6(PO4)3,Li1.4In0.4Ti1.6P3O12,167.0,-3.5199930570428495
417,Li1.5In0.5Ge1.5(PO4)3,Li1.5In0.5Ge1.5P3O12,167.0,-5.235823867609669
1214,0.4LiI-0.6Al2O3,Li0.4I0.4Al1.2O1.7999999999999998,,-5.1700533040583645
88,Li3.8Ge0.8P0.2S4,Li3.8Ge0.8P0.2S4,11.0,-5.753270974502406
1042,0.67(0.75Li2S-0.25P2S5)-0.33LiBH4,Li1.335S1.752P0.5B0.33H1.32,,-2.9469215565165805
273,Li9.6Ba0.2GeP2S12,Li9.6Ba0.2GeP2S12,137.0,-3.2426039712069756
1221,Li3.5As0.5Ti0.5O4,Li3.5As0.5Ti0.5O4,,-4.492144128304169
983,0.75(0.5Li2O-0.5Li2S)-0.25P2S5,Li1.75O0.375S1.75P0.5,,-4.548213564475709
1122,0.6Li2S-0.15Li2O-0.25P2S5,Li1.5O0.15P0.5S1.85,,-4.032920265855503
267,Li10.5(Sn0.2Si0.8)1.5P1.5S12,Li10.5Sn0.30000000000000004Si1.2000000000000002P1.5S12,137.0,-2.0560111249262283
60,0.75(0.6Li2S-0.4SiS2)-0.25Li3BO3,Li1.65S1.25Si0.4B0.25O0.75,,-4.148444628573557
527,(La0.46Li0.429Sr0.111)(TiO3),La0.46Li0.429Sr0.111TiO3,221.0,-3.705533773838407
1097,0.2Li2S-0.6Li2O-0.2P2S5,Li1.6O0.6P0.4S1.2,,-4.539102157243452
1167,0.69(0.45B2S3-0.55Li2S)-0.31LiI,B0.621S1.482Li1.41I0.31,,-3.1203307943679466
1069,Li3PS4 ? 50 wt% Li6ZnNb4O14,Li17.71P3.9S15.61ZnNb4O14,,-3.8477116556169433
1229,0.9LiTi2(PO4)3-0.1Li3PO4,Li1.2000000000000002Ti1.8P2.8000000000000003O11.200000000000001,,-3.8601209135987635
385,Li1.3Al0.2Sc0.1Ti1.7(PO4)3,Li1.3Al0.2Sc0.1Ti1.7P3O12,167.0,-3.0123337350737254
1166,0.815(0.45B2S3-0.55Li2S)-0.185LiI,B0.733S1.65Li1.285I0.185,,-3.5114492834995557
438,Li6BaLa2Nb2O12,Li6BaLa2Nb2O12,199.0,-5.221848749616356
985,0.75(0.3Li2O-0.7Li2S)-0.25P2S5,Li1.85O0.225S1.95P0.5,,-4.051098239029787
462,Li6.025P0.975Si0.025S5Br,Li6.025P0.975Si0.025S5Br,216.0,-3.0565054840938974
227,Li9P3S9O3,Li9P3S9O3,137.0,-4.369572124974976
414,Li1.5Fe0.5Ge1.5(PO4)3,Li1.5Fe0.5Ge1.5P3O12,167.0,-4.591760034688151
222,Li6ZnO4,Li6ZnO4,137.0,-8.0268721464003
185,(Li0.5Ce0.25Pr0.25)(MoO4),Li0.5Ce0.25Pr0.25MoO4,88.0,-9.0
86,Li3.6Si0.6P0.4S4,Li3.6Si0.6P0.4S4,11.0,-4.145700754443675
109,Li6.8La3Zr1.8Sb0.2O12,Li6.8La3Zr1.8Sb0.2O12,230.0,-4.229147988357856
341,Li1.2Fe0.2Ti1.8(PO4)3,Li1.2Fe0.2Ti1.8P3O12,167.0,-3.744727494896694
774,Li10(Ge0.9Sn0.1)P2S12,Li10Ge0.9Sn0.1P2S12,,-2.1232050237992994
534,(La0.65Li0.35)(Ti0.7Al0.3)O3,La0.65Li0.35Ti0.7Al0.3O3,221.0,-3.7931741239681505
1048,Li3PS4 ? 2 wt% Al2O3,Li41.63P13.88S55.5AlO1.5,,-3.6439741428068775
95,Li0.1Na0.4La0.5Nb2O6,Li0.1Na0.4La0.5Nb2O6,47.0,-4.91721462968355
1316,Li1.1Al0.1Zr1.8(PO4)3,Li1.1Al0.1Zr1.8P3O12,,-6.197226274708024
1103,0.5Li2S-0.3Li2O-0.2P2S5,Li1.6O0.3P0.4S1.5,,-4.090979145788844
1076,Li3PS4 ? 30 wt% Li7La3Zr2O12,Li19.83P5.44S21.77La1.5ZrO6,,-3.2692177243336107
1116,0.3Li2S-0.45Li2O-0.25P2S5,Li1.5O0.45P0.5S1.55,,-4.230622673923862
403,Li1.3Fe0.3Ti0.7(PO4)3,Li1.3Fe0.3Ti0.7P3O12,167.0,-2.638272163982407
1032,Li7La3Zr2O12?3 wt% 65Li2O???27B2O3???8SiO2,Li3.86La1.62Zr1.08O6.58B0.04Si0.01,,-4.823908740944319
597,Li6.25La3Zr2Ga0.25O12,Li6.25La3Zr2Ga0.25O12,230.0,-3.4559319556497243
467,Li6.175P0.825Si0.175S5Br,Li6.175P0.825Si0.175S5Br,216.0,-3.0310503190186573
8,Li3BP2O8,Li3BP2O8,2.0,-11.017728766960431
100,(Ag0.5Li0.5)0.27La0.57TiO3,Ag0.135Li0.135La0.57TiO3,47.0,-4.638272163982407
1128,0.1Li2S-0.6Li2O-0.3P2S5,Li1.4O0.6P0.6S1.6,,-7.1090204030103115
1249,LiTi2(PO4)3-0.6Li2SO4,Li2.2Ti2P3O14.4S0.6,,-3.2464169411070936
14,0.4(Li2S) 0.6(GeS2),Li0.8S1.6Ge0.6,,-5.523351341960726
179,LiZnPS4,LiZnPS4,82.0,-7.267606240177032
175,Li0.22La0.60TiO3,Li0.22La0.6TiO3,65.0,-3.318758762624413
125,Li3.4Si0.4Al0.6S4,Li3.4Si0.4Al0.6S4,62.0,-7.838631997765025
970,0.5Li3N-0.5SiS2,Li1.5N0.5Si0.5S,,-4.349692476868063
3,La0.54Li0.36TiO3,La0.54Li0.36TiO3,221.0,-2.529913650775975
512,Li6.45P0.55Ge0.45S5I,Li6.45P0.55Ge0.45S5I,216.0,-3.4377071355435254
799,0.66Li2O-0.34P2O5,Li1.32O2.3600000000000003P0.68,,-6.638272163982407
7,Li2B3PO8,Li2B3PO8,2.0,-14.236572006437063
564,Li3OBr,Li3OBr,221.0,-5.958607314841775
312,Li1.2Ti1.8Sc0.2(PO4)3,Li1.2Ti1.8Sc0.2P3O12,167.0,-2.600326278518962
1181,0.92(0.25B2S3-0.75Li2S)-0.08LiI,B0.46S1.44Li1.58I0.08,,-3.416801226031377
51,0.7Li2S-0.3P2S5,Li1.4S2.2P0.6,,-3.198204962666322
586,Li6CaLa2Nb2O12,Li6CaLa2Nb2O12,230.0,-5.795880017344075
463,Li6.05P0.95Si0.05S5Br,Li6.05P0.95Si0.05S5Br,216.0,-3.359518563029578
595,Li7La3Zr1.89Al0.15O12,Li7La3Zr1.89Al0.15O12,230.0,-3.4685210829577446
847,Li2.8Zn0.6GeO4,Li2.8Zn0.6GeO4,,-6.896196279044043
635,Li5Nd3Sb2O12,Li5Nd3Sb2O12,230.0,-6.886056647693163
1195,0.985(0.61Li2S-0.39SiS2)-0.015Li3PO4,Li1.247S1.381Si0.39P0.015O0.06,,-3.2247537402597635
340,Li1.5Ga0.5Ti1.5(PO4)3,Li1.5Ga0.5Ti1.5P3O12,167.0,-3.9136401693252516
168,Li3.75Sn0.75As0.25S4,Li3.75Sn0.75As0.25S4,62.0,-5.432973633840939
392,Li1.1Al0.1Ti0.9(PO4)3,Li1.1Al0.1Ti0.9P3O12,167.0,-3.1739251972991736
876,0.4 LiBr-0.3 SiS2-0.3 Li2S,Br0.4LiS0.9Si0.3,,-3.958607314841775
357,Li0.87Hf2.032P3O12,Li0.87Hf2.032P3O12,167.0,-4.889410289700751
50,Li3YBr6,Li3YBr6,12.0,-2.7166987712964503
416,Li1.3In0.3Ge1.7(PO4)3,Li1.3In0.3Ge1.7P3O12,167.0,-5.035269078946371
1254,LiTi2(PO4)3-0.8LiNO3,Li1.8Ti2P3O14.4N0.8,,-2.826813731587726
525,Li0.31La0.63((Ti0.9Co0.1)O3,Li0.31La0.63Ti0.9Co0.1O3,221.0,-3.5850266520291822
24,Li7.22Si1.5P0.5O8,Li7.22Si1.5P0.5O8,11.0,-6.785156151952302
1059,Li3PS4 ? 10 wt% SiO2,Li9.01P3S12.02SiO2,,-3.8239087409443187
1077,Li3PS4 ? 35 wt% Li7La3Zr2O12,Li16.49P4.33S17.33La1.5ZrO6,,-3.3979400086720375
668,La3Li5.08Ta1.51Zr0.39O12,La3Li5.08Ta1.51Zr0.39O12,230.0,-3.987162775294828
1342,Li2ZrS3,Li2ZrS3,,-5.136677139879544
684,Li5La3Nb1.8Y0.2O12,Li5La3Nb1.8Y0.2O12,230.0,-5.043351420794797
1098,0.25Li2S-0.55Li2O-0.2P2S5,Li1.6O0.55P0.4S1.25,,-4.42021640338319
116,Li3.2Si0.6S0.4O4,Li3.2Si0.6S0.4O4,62.0,-5.87942606879415
99,Li5La3Nb2O12,Li5La3Nb2O12,199.0,-4.980422053166251
545,La0.52Li0.35TiO2.96,La0.52Li0.35TiO2.96,221.0,-3.0404816230270018
697,Li6.29Al0.07La3Zr1.75Te0.25O12,Li6.29Al0.07La3Zr1.75Te0.25O12,230.0,-3.3979400086720375
39,0.9(0.6Li2S-0.4SiS2)-0.1Li3InO3,Li1.38S1.34Si0.4In0.1O0.3,,-4.165898393183549
307,Li5NCl2,Li5NCl2,166.0,-5.920818753952375
482,Li6P(S4.5Se0.5)Br,Li6PS4.5Se0.5Br,216.0,-2.571865205971211
440,(K0.1Li0.9)(SbO3),K0.1Li0.9SbO3,201.0,-7.866461091629782
1080,Li3PS4 ? 70 wt% Li7La3Zr2O12,Li6.5PS4La1.5ZrO6,,-4.8996294548824375
132,Li2.88PO3.73N0.14,Li2.88PO3.73N0.14,62.0,-12.853871964321762
73,Li10.35(Sn0.2Si0.8)1.35P1.65S12,Li10.35Sn0.27Si1.08P1.65S12,137.0,-2.4625917796774126
47,0.9(0.6Li2S-0.4SiS2)- 0.1Li4SiO4,Li1.48S1.34Si0.5O0.4,,-3.3608520069109526
767,Li10(Ge0.9Si0.1)P2S12,Li10Ge0.9Si0.1P2S12,,-2.0931264652779293
113,Li6La3ZrSbO12,Li6La3ZrSbO12,230.0,-3.5850266520291822
96,Li4P2S6,Li4P2S6,162.0,-8.20965153014378
106,Li6.6La3Zr1.6Sb0.4O12,Li6.6La3Zr1.6Sb0.4O12,230.0,-3.113509274827518
1294,La0.55Li0.36Ti0.95Ge0.05O3,La0.55Li0.36Ti0.95Ge0.05O3,,-3.4436974992327127
