id,formula,target,balanced_charge,Ea (eV),space group,ICSD Entry,formula_preprocessed
1,LiAlSi3O8,1.30E-10,1,,2.0,81980.0,LiAlSi3O8
2,LiSn2(PO4)3,2.04E-09,1,,2.0,83832.0,LiSn2(PO4)3
3,Li7BiO6,8.80E-07,1,0.58,2.0,155950.0,Li7BiO6
4,Li7SbO6,6.70E-08,1,0.7,2.0,413370.0,Li7SbO6
5,Li7P3S11,1.70E-02,1,0.17,2.0,157654.0,Li7P3S11
6,Li7P3S11,3.20E-03,1,0.124,2.0,157654.0,Li7P3S11
7,LiV(PO4)F,8.10E-07,1,0.23,2.0,183876.0,LiV(PO4)F
8,Li2B3PO8,5.80E-15,1,0.76,2.0,248343.0,Li2B3PO8
9,Li3BP2O8,9.60E-12,1,0.62,2.0,248343.0,Li3BP2O8
10,Li2NaBP2O8,4.40E-18,1,1.21,2.0,291512.0,Li2NaBP2O8
11,Li4P2O7,<1E-10,1,1.617,2.0,248414.0,Li4P2O7
12,LiMgSO4F,5.40E-08,1,0.54,2.0,281119.0,LiMgSO4F
13,Li6CuB4O10,1.00E-13,1,0.92,2.0,4819.0,Li6CuB4O10
14,Li0.91Hf2.022(PO4)3,<1E-10,1,0.47,2.0,,Li0.91Hf2.022(PO4)3
15,Li7P3S11,8.60E-03,1,0.29,2.0,,Li7P3S11
16,Li2ZnGeO4,1.00E-07,1,0.4,7.0,34362.0,Li2ZnGeO4
17,Li3.8Ge0.8P0.2S4,1.78E-06,1,0.47,11.0,,Li3.8Ge0.8P0.2S4
18,Li3.6Ge0.6P0.4S4,1.75E-04,1,0.34,11.0,,Li3.6Ge0.6P0.4S4
19,Li3.4Ge0.4P0.6S4,6.54E-04,1,0.28,11.0,,Li3.4Ge0.4P0.6S4
20,Li3.35Ge0.35P0.65S4,1.54E-03,1,0.23,11.0,,Li3.35Ge0.35P0.65S4
21,Li3.3Ge0.3P0.7S4,1.74E-03,1,0.22,11.0,,Li3.3Ge0.3P0.7S4
22,Li3.25Ge0.25P0.75S4,2.20E-03,1,0.207,11.0,,Li3.25Ge0.25P0.75S4
23,Li3.2Ge0.2P0.8S4,5.55E-04,1,0.27,11.0,,Li3.2Ge0.2P0.8S4
24,Li4SiS4,5.00E-08,1,0.56,11.0,59708.0,Li4SiS4
25,Li7.22Si1.5P0.5O8,1.64E-07,1,0.48,11.0,238602.0,Li7.22Si1.5P0.5O8
26,Li4SiO4,5.00E-10,1,0.55,11.0,238603.0,Li4SiO4
27,Li4SiS4,1.59E-08,1,0.56,11.0,,Li4SiS4
28,Li3.8Si0.8P0.2S4,8.11E-07,1,0.37,11.0,,Li3.8Si0.8P0.2S4
29,Li3.6Si0.6P0.4S4,7.19E-05,1,0.34,11.0,,Li3.6Si0.6P0.4S4
30,Li3.5Si0.5P05S4,1.66E-04,1,0.34,11.0,,Li3.5Si0.5P05S4
31,Li3.4Si0.4P0.6S4,6.62E-04,1,0.29,11.0,,Li3.4Si0.4P0.6S4
32,Li3.3Si0.3P0.7S4,1.02E-05,1,0.36,11.0,,Li3.3Si0.3P0.7S4
33,Li3.2Si0.2P0.8S4,3.20E-06,1,0.37,11.0,,Li3.2Si0.2P0.8S4
34,Li4SiS4,1.62E-08,1,0.56,11.0,,Li4SiS4
35,Li3.8Si0.8P0.2S4,8.07E-07,1,0.37,11.0,,Li3.8Si0.8P0.2S4
36,Li3.6Si0.6P0.4S4,7.11E-05,1,0.34,11.0,,Li3.6Si0.6P0.4S4
37,Li3.5Si0.5P0.5S4,1.61E-04,1,0.34,11.0,,Li3.5Si0.5P0.5S4
38,Li3.4Si0.4P0.6S4,6.49E-04,1,0.29,11.0,,Li3.4Si0.4P0.6S4
39,Li3.3Si0.3P0.7S4,9.84E-06,1,0.36,11.0,,Li3.3Si0.3P0.7S4
40,Li3.2Si0.2P0.8S4,3.05E-06,1,0.37,11.0,,Li3.2Si0.2P0.8S4
41,Li3.1P0.9Si0.1O4,7.47E-08,1,,11.0,,Li3.1P0.9Si0.1O4
42,Li3.5P0.5Si0.5O4,2.89E-06,1,,11.0,,Li3.5P0.5Si0.5O4
43,Li3.9P0.1Si0.9O4,1.99E-08,1,,11.0,,Li3.9P0.1Si0.9O4
44,Li3.7P0.3Si0.7O4,3.84E-07,1,,11.0,35168.0,Li3.7P0.3Si0.7O4
45,Li3InCl6,2.04E-03,1,0.35,12.0,89617.0,Li3InCl6
46,Li2P2S6,7.80E-11,1,0.48,12.0,253894.0,Li2P2S6
47,Li0.6[Li0.2Sn0.8S2],1.20E-04,1,0.17,12.0,,Li0.6[Li0.2Sn0.8S2]
48,Li3(Mo8S8O8(OH)8(HWO5(H2O)))*(H2O)18,3.80E-07,1,0.62,12.0,412011.0,Li3.0Mo8.0S8.0O16.0H6.0W1
49,Li17Sb13S28,1.05E-09,1,0.4,12.0,429902.0,Li17Sb13S28
50,Li3InBr6,9.04E-04,1,,12.0,,Li3InBr6
51,Li3YBr6,1.92E-03,1,0.37,12.0,,Li3YBr6
52,Li0.84Sn0.79S2,1.20E-04,1,0.17,12.0,,Li0.84Sn0.79S2
53,LiAlSi4O10,1.01E-10,1,,13.0,194284.0,LiAlSi4O10
54,LiPO3,1.00E-09,1,,13.0,51630.0,LiPO3
55,LiGaBr4,7.00E-06,1,0.54,14.0,61337.0,LiGaBr4
56,Li2SO4,1.40E-14,1,1.1,14.0,2512.0,Li2SO4
57,Li3BO3,7.40E-11,1,0.63,14.0,9105.0,Li3BO3
58,Li6Ge2O7,8.50E-07,1,0.43,14.0,31050.0,Li6Ge2O7
59,LiAlCl4,1.00E-06,1,0.47,14.0,35275.0,LiAlCl4
60,LiYO2,1.80E-08,1,0.72,14.0,45511.0,LiYO2
61,LiBO2,1.00E-08,1,0.71,14.0,200891.0,LiBO2
62,LiClC3H7NO,1.60E-04,1,0.881,14.0,238683.0,LiClC3H7NO
63,LaLiO2,<1E-10,1,0.92,14.0,239278.0,LaLiO2
64,(La0.9Sr0.1)LiO2,6.29E-10,1,0.62,14.0,239279.0,(La0.9Sr0.1)LiO2
65,La(Li0.76Mg0.08)O2,7.27E-10,1,0.66,14.0,239280.0,La(Li0.76Mg0.08)O2
66,Li2.5V2(PO4)3,1.90E-07,1,,14.0,240269.0,Li2.5V2(PO4)3
67,Li4Zn(PO4)2,<1E-10,1,1.3,14.0,255464.0,Li4Zn(PO4)2
68,LiSbO2,<1E-10,1,0.88,14.0,262075.0,LiSbO2
69,Li2Sr2Al(PO4)3,<1E-10,1,1.02,14.0,431319.0,Li2Sr2Al(PO4)3
70,Li2ZrO3,6.10E-10,1,0.78,15.0,94894.0,Li2ZrO3
71,Li6Zr2O7,5.20E-10,1,0.68,15.0,73835.0,Li6Zr2O7
72,Li3AlF6,5.00E-07,1,0.54,15.0,85171.0,Li3AlF6
73,Li2SnS3,1.50E-05,1,0.59,15.0,251656.0,Li2SnS3
74,LiTa2PO8,1.60E-03,1,0.32,15.0,267438.0,LiTa2PO8
75,LiBaP2O7,1.00E-10,1,,15.0,280927.0,LiBaP2O7
76,Li3Na5(TiS4)2,8.80E-06,1,0.4,15.0,391258.0,Li3Na5(TiS4)2
77,LiGd(PO3)4,<1E-10,1,1.7,15.0,416442.0,LiGd(PO3)4
78,LiVO3,2.05E-09,1,,15.0,51443.0,LiVO3
79,Li2CrCl4,<1E-10,1,1.22,15.0,202627.0,Li2CrCl4
80,Li3ErI6,9.92E-05,1,0.37,15.0,,Li3ErI6
81,Li3.7Zn0.7Ga0.3(PO4)2,<1E-10,1,0.91,19.0,255466.0,Li3.7Zn0.7Ga0.3(PO4)2
82,Li3SbS4,1.50E-06,1,0.518,31.0,8407.0,Li3SbS4
83,Li3PS4,2.60E-07,1,0.49,31.0,180318.0,Li3PS4
84,LiGaO2,2.40E-14,1,0.86,33.0,18152.0,LiGaO2
85,LiB6O9F,5.40E-24,1,1.38,33.0,420286.0,LiB6O9F
86,Li3SbS3,1.00E-07,1,0.4,33.0,424834.0,Li3SbS3
87,LiSi2N3,6.17E-08,1,0.64,36.0,34118.0,LiSi2N3
88,Li2(PO2N),<1E-10,1,0.57,36.0,188493.0,Li2(PO2N)
89,LiGa2GeS6,3.80E-08,1,0.47,43.0,254406.0,LiGa2GeS6
90,La0.64Li0.08TiO3,3.35E-04,1,,47.0,92228.0,La0.64Li0.08TiO3
91,La0.62Li0.14TiO3,4.42E-04,1,,47.0,92231.0,La0.62Li0.14TiO3
92,La0.595Li0.215TiO3,8.53E-04,1,,47.0,92234.0,La0.595Li0.215TiO3
93,Li0.4Na0.1La0.5Nb2O6,9.92E-06,1,,47.0,180629.0,Li0.4Na0.1La0.5Nb2O6
94,Li0.3Na0.2La0.5Nb2O6,1.11E-05,1,,47.0,180630.0,Li0.3Na0.2La0.5Nb2O6
95,Li0.2Na0.3La0.5Nb2O6,1.18E-05,1,,47.0,180631.0,Li0.2Na0.3La0.5Nb2O6
96,Li0.1Na0.4La0.5Nb2O6,1.21E-05,1,,47.0,180632.0,Li0.1Na0.4La0.5Nb2O6
97,Li0.07Na0.43La0.5Nb2O6,1.23E-05,1,,47.0,180633.0,Li0.07Na0.43La0.5Nb2O6
98,Li0.04Na0.46La0.5Nb2O6,5.91E-06,1,,47.0,180634.0,Li0.04Na0.46La0.5Nb2O6
99,Li0.02Na0.48La0.5Nb2O6,3.99E-06,1,,47.0,180635.0,Li0.02Na0.48La0.5Nb2O6
100,(Ag0.33Li0.67)0.27La0.57TiO3,1.00E-04,1,0.3,47.0,,(Ag0.33Li0.67)0.27La0.57TiO3
101,(Ag0.5Li0.5)0.27La0.57TiO3,2.30E-05,1,0.28,47.0,,(Ag0.5Li0.5)0.27La0.57TiO3
102,(Ag0.67Li0.33)0.27La0.57TiO3,2.00E-07,1,0.37,47.0,,(Ag0.67Li0.33)0.27La0.57TiO3
103,Pr0.56Li0.34TiO3.01,1.00E-06,1,0.47,47.0,,Pr0.56Li0.34TiO3.01
104,Nd0.55Li0.34TiO3,8.00E-07,1,0.53,47.0,,Nd0.55Li0.34TiO3
105,Li0.09La0.77TiO3,1.23E-04,1,,47.0,,Li0.09La0.77TiO3
106,Li0.15La0.72TiO3,4.14E-04,1,,47.0,,Li0.15La0.72TiO3
107,Li0.24La0.65TiO3,5.77E-04,1,,47.0,,Li0.24La0.65TiO3
108,Li0.12La0.75TiO3,2.38E-04,1,,47.0,,Li0.12La0.75TiO3
109,Li0.16La0.7TiO3,5.21E-04,1,,47.0,,Li0.16La0.7TiO3
110,Li0.23La0.7TiO3,5.26E-04,1,,47.0,,Li0.23La0.7TiO3
111,Li5AlO4,5.00E-10,1,0.99,59.0,16229.0,Li5AlO4
112,Li14Nd5(Si11N19O5)O2F2,1.70E-10,1,0.69,59.0,262923.0,Li14Nd5(Si11N19O5)O2F2
113,Li5GaO4,5.00E-09,1,0.71,61.0,9082.0,Li5GaO4
114,Li2SiN2,1.60E-07,1,,61.0,420126.0,Li2SiN2
115,Li6.5O8P1.5Si0.5,4.49E-07,1,0.44,62.0,238600.0,Li6.5O8P1.5Si0.5
116,Li3.4Si0.7S0.3O4,4.21E-07,1,,62.0,47145.0,Li3.4Si0.7S0.3O4
117,Li3.2Si0.6S0.4O4,1.32E-06,1,,62.0,,Li3.2Si0.6S0.4O4
118,Li3.1Si0.55S0.45O4,3.14E-07,1,,62.0,,Li3.1Si0.55S0.45O4
119,Li6.6SiPO8,1.48E-07,1,0.49,62.0,238601.0,Li6.6SiPO8
120,Li4.2Si0.8Al0.2S4,2.40E-08,1,0.53,62.0,,Li4.2Si0.8Al0.2S4
121,Li4.4Si0.6Al0.4S4,3.04E-08,1,0.52,62.0,,Li4.4Si0.6Al0.4S4
122,Li4.6Si0.4Al0.6S4,1.45E-08,1,0.52,62.0,,Li4.6Si0.4Al0.6S4
123,Li4.8Si0.2Al0.8S4,2.25E-07,1,0.52,62.0,,Li4.8Si0.2Al0.8S4
124,Li3.8Si0.8Al0.2S4,2.38E-08,1,0.53,62.0,,Li3.8Si0.8Al0.2S4
125,Li3.6Si0.6Al0.4S4,3.06E-08,1,0.52,62.0,,Li3.6Si0.6Al0.4S4
126,Li3.4Si0.4Al0.6S4,1.45E-08,1,0.52,62.0,,Li3.4Si0.4Al0.6S4
127,Li3.2Si0.2Al0.8S4,2.28E-07,1,0.52,62.0,,Li3.2Si0.2Al0.8S4
128,Li4Zn(PO4)2,<1E-10,1,1.1,62.0,255465.0,Li4Zn(PO4)2
129,Li3.5Zn0.5Ga0.5(PO4)2,<1E-10,1,1.02,62.0,255468.0,Li3.5Zn0.5Ga0.5(PO4)2
130,Li3PS4,1.60E-04,1,0.36,62.0,180319.0,Li3PS4
131,Li3PO4,<1E-10,1,1.14,62.0,20208.0,Li3PO4
132,Li3PS4,3.00E-07,1,,62.0,35018.0,Li3PS4
133,Li2.88PO3.73N0.14,1.40E-13,1,0.97,62.0,79426.0,Li2.88PO3.73N0.14
134,Li3PO4,4.20E-18,1,1.24,62.0,79427.0,Li3PO4
135,Li4GeS4,2.00E-07,1,0.53,62.0,92200.0,Li4GeS4
136,Li14Zn(GeO4)4,1.00E-06,1,0.24,62.0,100169.0,Li14Zn(GeO4)4
137,Li3.75Ge0.75V0.25O4,5.66E-06,1,,62.0,150918.0,Li3.75Ge0.75V0.25O4
138,Li3.70Ge0.85W0.15O4,3.80E-05,1,,62.0,150920.0,Li3.70Ge0.85W0.15O4
139,Li0.2Ca0.4TaO3,3.53E-09,1,0.54,62.0,151936.0,Li0.2Ca0.4TaO3
140,Li0.2(Ca0.36Sr0.04)TaO3,9.20E-09,1,,62.0,151937.0,Li0.2(Ca0.36Sr0.04)TaO3
141,Li2Mg2(MoO4)3,<1E-10,1,0.71,62.0,170956.0,Li2Mg2(MoO4)3
142,Li4SnSe4,2.00E-05,1,0.45,62.0,193768.0,Li4SnSe4
143,Li(BH4),1.00E-08,1,,62.0,239763.0,Li(BH4)
144,LiZnSO4F,2.80E-05,1,0.2455,62.0,261343.0,LiZnSO4F
145,Li4GeS4,2.00E-07,1,0.53,62.0,290831.0,Li4GeS4
146,Li4SnS4,7.00E-05,1,0.29,62.0,290832.0,Li4SnS4
147,Li2ZnI4,4.00E-08,1,0.58,62.0,402062.0,Li2ZnI4
148,Pr0.53Li0.41TiO3,8.40E-08,1,0.462,62.0,,Pr0.53Li0.41TiO3
149,Pr0.54Li0.38TiO3,1.18E-06,1,0.452,62.0,,Pr0.54Li0.38TiO3
150,Pr0.55Li0.35TiO3,1.51E-06,1,0.441,62.0,,Pr0.55Li0.35TiO3
151,Pr0.56Li0.32TiO3,1.91E-06,1,0.437,62.0,,Pr0.56Li0.32TiO3
152,Pr0.57Li0.29TiO3,2.86E-06,1,0.429,62.0,,Pr0.57Li0.29TiO3
153,Pr0.58Li0.26TiO3,3.87E-06,1,0.421,62.0,,Pr0.58Li0.26TiO3
154,Pr0.59Li0.23TiO3,3.40E-06,1,0.425,62.0,,Pr0.59Li0.23TiO3
155,Li2.5Y0.5Zr0.5Cl6,1.40E-03,1,0.33,62.0,,Li2.5Y0.5Zr0.5Cl6
156,Li2.633Er0.633Zr0.367Cl6,1.10E-03,1,0.35,62.0,,Li2.633Er0.633Zr0.367Cl6
157,Li3.33Ge0.33V0.67O4,6.94E-06,1,,62.0,,Li3.33Ge0.33V0.67O4
158,Li3.6Ge0.6V0.4O4,1.97E-05,1,0.44,62.0,,Li3.6Ge0.6V0.4O4
159,Li3.75Ge0.75V0.25O4,1.08E-05,1,,62.0,,Li3.75Ge0.75V0.25O4
160,Li3.5Ge0.5V0.5O4,1.77E-05,1,,62.0,66576.0,Li3.5Ge0.5V0.5O4
161,Li3.87Sn0.87As0.13S4,1.48E-05,1,0.39,62.0,,Li3.87Sn0.87As0.13S4
162,Li3.855Sn0.855As0.145S4,1.31E-04,1,0.35,62.0,,Li3.855Sn0.855As0.145S4
163,Li3.85Sn0.85As0.15S4,2.08E-04,1,0.31,62.0,,Li3.85Sn0.85As0.15S4
164,Li3.84Sn0.84As0.16S4,5.85E-04,1,0.29,62.0,,Li3.84Sn0.84As0.16S4
165,Li3.83Sn0.83As0.17S4,1.39E-03,1,0.21,62.0,,Li3.83Sn0.83As0.17S4
166,Li3.825Sn0.825As0.175S4,5.18E-04,1,0.27,62.0,,Li3.825Sn0.825As0.175S4
167,Li3.82Sn0.82As0.18S4,2.83E-04,1,0.35,62.0,,Li3.82Sn0.82As0.18S4
168,Li3.8Sn0.8As0.2S4,1.06E-04,1,0.4,62.0,,Li3.8Sn0.8As0.2S4
169,Li3.75Sn0.75As0.25S4,3.69E-06,1,0.48,62.0,,Li3.75Sn0.75As0.25S4
170,Nd0.54Li0.36TiO3,3.42E-08,1,0.5,62.0,81047.0,Nd0.54Li0.36TiO3
171,Pr0.51Li0.39TiO2.96,5.34E-07,1,0.44,62.0,81048.0,Pr0.51Li0.39TiO2.96
172,Sm0.52Li0.38TiO2.97,2.00E-07,1,0.64,62.0,,Sm0.52Li0.38TiO2.97
173,Li4GeO4,2.80E-10,1,0.73,63.0,18096.0,Li4GeO4
174,LiCl*H2O,1.00E-08,1,0.777,63.0,281198.0,LiCl*H2O
175,Li2MgBr4,7.80E-10,1,0.77,65.0,73276.0,Li2MgBr4
176,Li0.22La0.60TiO3,4.80E-04,1,0.391,65.0,,Li0.22La0.60TiO3
177,Li0.18La0.61TiO3,2.00E-04,1,0.432,65.0,99398.0,Li0.18La0.61TiO3
178,LiBiO2,3.80E-08,1,0.1,72.0,46022.0,LiBiO2
179,Li2.5Zn0.25PS4,8.40E-04,1,,82.0,,Li2.5Zn0.25PS4
180,LiZnPS4,5.40E-08,1,,82.0,95785.0,LiZnPS4
181,Li2Zn0.5PS4,1.30E-04,1,0.22,82.0,264462.0,Li2Zn0.5PS4
182,(Li1.69Zn0.66)PS4,1.30E-04,1,0.181,82.0,264462.0,(Li1.69Zn0.66)PS4
183,Li1.5Zn0.75PS4,1.65E-05,1,0.25,82.0,264463.0,Li1.5Zn0.75PS4
184,(Li1.19Zn0.9)PS4,6.50E-06,1,0.25,82.0,264463.0,(Li1.19Zn0.9)PS4
185,(Li0.5Ce0.5)(MoO4),1.30E-08,1,0.4,88.0,186450.0,(Li0.5Ce0.5)(MoO4)
186,(Li0.5Ce0.25Pr0.25)(MoO4),1.00E-09,1,0.5,88.0,186451.0,(Li0.5Ce0.25Pr0.25)(MoO4)
187,(Li0.5Ce0.25Sm0.25)(MoO4),1.80E-10,1,0.5,88.0,186452.0,(Li0.5Ce0.25Sm0.25)(MoO4)
188,Li2TeO4,<1E-10,1,1.129,91.0,1485.0,Li2TeO4
189,Li3BN2,1.60E-10,1,0.67,94.0,655673.0,Li3BN2
190,Li2B4O7,1.00E-10,1,,110.0,65930.0,Li2B4O7
191,LiY(BH4)4,1.26E-06,1,,112.0,239762.0,LiY(BH4)4
192,LiPN2,1.60E-07,1,0.4,122.0,66007.0,LiPN2
193,La0.565Li0.305TiO3,9.57E-04,1,,123.0,92235.0,La0.565Li0.305TiO3
194,La0.5Li0.5TiO3,9.25E-04,1,0.39,123.0,92236.0,La0.5Li0.5TiO3
195,Li0.33La0.5TiO3,1.00E-03,1,0.15,123.0,82671.0,Li0.33La0.5TiO3
196,Li0.27La0.57TiO3,3.40E-04,1,0.38,123.0,,Li0.27La0.57TiO3
197,La0.61Li0.18TiO3,4.12E-04,1,,123.0,,La0.61Li0.18TiO3
198,La0.55Li0.36TiO3,6.88E-04,1,0.35,123.0,,La0.55Li0.36TiO3
199,La0.54Li0.39TiO3,6.51E-04,1,,123.0,,La0.54Li0.39TiO3
200,La0.52Li0.45TiO3,5.01E-04,1,,123.0,50434.0,La0.52Li0.45TiO3
201,La0.58Li0.27TiO3,5.99E-04,1,,123.0,82672.0,La0.58Li0.27TiO3
202,La0.56Li0.33TiO3,6.68E-04,1,,123.0,504435.0,La0.56Li0.33TiO3
203,Li0.31La0.63TiO3,4.11E-04,1,,123.0,,Li0.31La0.63TiO3
204,Li0.39La0.59TiO3,8.83E-04,1,,123.0,,Li0.39La0.59TiO3
205,Li0.49La0.55TiO3,9.39E-04,1,,123.0,,Li0.49La0.55TiO3
206,Li0.68La0.49TiO3,1.03E-03,1,,123.0,,Li0.68La0.49TiO3
207,Li0.24La0.65TiO3,9.57E-04,1,,123.0,,Li0.24La0.65TiO3
208,Li0.33La0.58TiO3,8.93E-04,1,,123.0,,Li0.33La0.58TiO3
209,Li0.36La0.55TiO3,9.34E-04,1,,123.0,,Li0.36La0.55TiO3
210,Li0.42La0.52TiO3,8.47E-04,1,,123.0,,Li0.42La0.52TiO3
211,Li0.29La0.57TiO3,4.40E-05,1,0.453,123.0,,Li0.29La0.57TiO3
212,La0.56Li0.33TiO3,1.65E-04,1,0.41,123.0,,La0.56Li0.33TiO3
213,La0.56Li0.33TiO3-5wt% Al2O3,0.000166,0,0.24,123.0,,La0.30Li0.17Ti0.53O1.73Al0.10?
214,La0.56Li0.33TiO3-10wt% Al2O3,0.000933,0,0.17,123.0,,La0.28Li0.16Ti0.50O1.79Al0.20?
215,La0.56Li0.33TiO3-15wt% Al2O3,9.56E-05,0,0.5,123.0,,La0.26Li0.16Ti0.47O1.86Al0.29?
216,Li(LaTiO4),<1E-10,1,0.83,129.0,91843.0,Li(LaTiO4)
217,Li(NdTiO4),<1E-10,1,0.87,129.0,91844.0,Li(NdTiO4)
218,La0.65Li0.05(Mg0.5W0.5)O3,1.80E-07,1,0.46,129.0,151900.0,La0.65Li0.05(Mg0.5W0.5)O3
219,La0.63Li0.11(Mg0.5W0.5)O3,6.80E-06,1,0.38,129.0,151901.0,La0.63Li0.11(Mg0.5W0.5)O3
220,La0.62 Li0.14(Mg0.5W0.5)O3,1.20E-05,1,0.37,129.0,151902.0,La0.62 Li0.14(Mg0.5W0.5)O3
221,Li4PS4I,1.20E-04,1,0.37,129.0,432169.0,Li4PS4I
222,Li9.75Sn0.75P2.25S12,3.57E-03,1,,137.0,,Li9.75Sn0.75P2.25S12
223,Li6ZnO4,9.40E-09,1,0.61,137.0,62137.0,Li6ZnO4
224,Li9.42Si1.02P2.1S9.96O2.04,1.10E-04,1,0.238,137.0,,Li9.42Si1.02P2.1S9.96O2.04
225,Li9.54Si1.74P1.44S11.7Cl0.3,2.53E-02,1,0.238,137.0,,Li9.54Si1.74P1.44S11.7Cl0.3
226,Li10GeP2S11.7O0.3,1.15E-02,1,0.155,137.0,,Li10GeP2S11.7O0.3
227,Li10(Si0.5Sn0.5)P2S12,4.28E-03,1,0.29,137.0,,Li10(Si0.5Sn0.5)P2S12
228,Li9P3S9O3,4.27E-05,1,0.311,137.0,,Li9P3S9O3
229,Li10.05Ge1.05P1.95S12,1.22E-02,1,0.28,137.0,,Li10.05Ge1.05P1.95S12
230,Li10.2Ge1.2P1.8S12,1.32E-02,1,,137.0,,Li10.2Ge1.2P1.8S12
231,Li10.5Ge1.5P1.5S12,1.10E-02,1,,137.0,,Li10.5Ge1.5P1.5S12
232,Li10GePS12,1.21E-02,1,,137.0,188887.0,Li10GePS12
233,Li10.35Ge1.35P1.65S12,1.44E-02,1,0.269,137.0,193947.0,Li10.35Ge1.35P1.65S12
234,Li3.475Si0.475P0.525S4,5.27E-03,1,,137.0,,Li3.475Si0.475P0.525S4
235,Li3.45Si0.45P0.55S4,6.73E-03,1,0.27,137.0,,Li3.45Si0.45P0.55S4
236,Li3.425Si0.425P0.575S4,5.65E-03,1,,137.0,,Li3.425Si0.425P0.575S4
237,Li3.4Si0.4P0.6S4,4.21E-03,1,,137.0,,Li3.4Si0.4P0.6S4
238,Li3.335Sn0.33P0.67S4,3.73E-03,1,,137.0,,Li3.335Sn0.33P0.67S4
239,Li3.3Sn0.3P0.7S4,3.65E-03,1,,137.0,,Li3.3Sn0.3P0.7S4
240,Li3.285Sn0.28P0.72S4,4.36E-03,1,,137.0,,Li3.285Sn0.28P0.72S4
241,Li3.27Sn0.27P0.73S4,4.96E-03,1,,137.0,,Li3.27Sn0.27P0.73S4
242,Li3.26Sn0.26P0.74S4,4.53E-03,1,,137.0,,Li3.26Sn0.26P0.74S4
243,Li3.25Sn0.25P0.75S4,3.60E-03,1,,137.0,,Li3.25Sn0.25P0.75S4
244,Li10SiP2S12,2.30E-03,1,0.196,137.0,,Li10SiP2S12
245,Li10SnP2S12,7.00E-03,1,0.27,137.0,193755.0,Li10SnP2S12
246,Li10GeP2S12,2.46E-02,1,0.274,137.0,241439.0,Li10GeP2S12
247,Li10(Ge0.776Sn0.224)P2S12,1.41E-02,1,0.276,137.0,255748.0,Li10(Ge0.776Sn0.224)P2S12
248,Li10SnP2S12,3.98E-03,1,0.305,137.0,255750.0,Li10SnP2S12
249,Li10(Ge0.416Sn0.584)P2S12,7.43E-03,1,0.285,137.0,255757.0,Li10(Ge0.416Sn0.584)P2S12
250,Li10.35Si1.35P1.65S12,6.50E-03,1,,137.0,252037.0,Li10.35Si1.35P1.65S12
251,Li9.81Sn0.81P2.19S12,5.50E-03,1,,137.0,252040.0,Li9.81Sn0.81P2.19S12
252,Li10GeP2S12,1.20E-02,1,0.25,137.0,255749.0,Li10GeP2S12
253,Li10.2Si1.2P1.8S12,4.16E-03,1,,137.0,,Li10.2Si1.2P1.8S12
254,Li10.275Si1.275P1.725S12,5.61E-03,1,,137.0,,Li10.275Si1.275P1.725S12
255,Li10.35Si1.35P1.65S12,6.68E-03,1,,137.0,,Li10.35Si1.35P1.65S12
256,Li10.425Si1.425P1.575S12,5.22E-03,1,,137.0,,Li10.425Si1.425P1.575S12
257,Li10GeP2S12,1.21E-02,1,,137.0,,Li10GeP2S12
258,Li10.05Ge1.05P1.95S12,1.25E-02,1,,137.0,,Li10.05Ge1.05P1.95S12
259,Li10.2Ge1.2P1.8S12,1.36E-02,1,,137.0,,Li10.2Ge1.2P1.8S12
260,Li10.35Ge1.35P1.65S12,1.41E-02,1,,137.0,,Li10.35Ge1.35P1.65S12
261,Li10.5Ge1.5P1.5S12,1.09E-02,1,,137.0,,Li10.5Ge1.5P1.5S12
262,Li9.79Sn0.79P2.21S12,4.56E-03,1,,137.0,,Li9.79Sn0.79P2.21S12
263,Li9.81Sn0.81P2.19S12,4.98E-03,1,,137.0,,Li9.81Sn0.81P2.19S12
264,Li9.87Sn0.87P2.13S12,4.32E-03,1,,137.0,,Li9.87Sn0.87P2.13S12
265,Li9.9Sn0.9P2.1S12,3.66E-03,1,,137.0,,Li9.9Sn0.9P2.1S12
266,Li10SnP2S12,3.65E-03,1,,137.0,,Li10SnP2S12
267,Li10.2(Sn0.2Si0.8)1.2P1.8S12,7.82E-03,1,,137.0,5667.0,Li10.2(Sn0.2Si0.8)1.2P1.8S12
268,Li10.5(Sn0.2Si0.8)1.5P1.5S12,8.79E-03,1,,137.0,5668.0,Li10.5(Sn0.2Si0.8)1.5P1.5S12
269,Li10.35(Sn0.2Si0.8)1.35P1.65S12,1.08E-02,1,,137.0,5669.0,Li10.35(Sn0.2Si0.8)1.35P1.65S12
270,Li10.35(Sn0.27Si1.08)P1.65S12,1.10E-03,1,0.197,137.0,257946.0,Li10.35(Sn0.27Si1.08)P1.65S12
271,Li10.2(Sn0.2Si0.8)1.2P1.8S12,2.69E-03,1,,137.0,257948.0,Li10.2(Sn0.2Si0.8)1.2P1.8S12
272,Li10GeP2S12,1.43E-03,1,0.24,137.0,,Li10GeP2S12
273,Li9.8Ba0.1GeP2S12,5.61E-04,1,,137.0,,Li9.8Ba0.1GeP2S12
274,Li9.6Ba0.2GeP2S12,5.72E-04,1,,137.0,,Li9.6Ba0.2GeP2S12
275,Li9.4Ba0.3GeP2S12,7.07E-04,1,0.29,137.0,,Li9.4Ba0.3GeP2S12
276,Li9.2Ba0.4GeP2S12,3.16E-04,1,,137.0,,Li9.2Ba0.4GeP2S12
277,Li9Ba0.5GeP2S12,9.98E-05,1,,137.0,,Li9Ba0.5GeP2S12
278,Li10GeP2S12,5.00E-03,1,0.35,137.0,,Li10GeP2S12
279,LiLaNb2O7,<1E-8,1,,139.0,72566.0,LiLaNb2O7
280,Li4Sr3Nb5.77Fe0.23O19.77,<1E-10,1,,139.0,87823.0,Li4Sr3Nb5.77Fe0.23O19.77
281,Li4Sr3Nb6O20,<1E-10,1,,139.0,87824.0,Li4Sr3Nb6O20
282,Li4Sr3.056Nb6O20,<1E-10,1,0.74,139.0,109168.0,Li4Sr3.056Nb6O20
283,LiScO2,1.00E-12,1,0.87,141.0,36124.0,LiScO2
284,LiAlO2,1.10E-12,1,0.97,141.0,99517.0,LiAlO2
285,Li3BN2,8.70E-08,1,0.55,141.0,155126.0,Li3BN2
286,Li4SrN2,2.30E-13,1,0.9,141.0,87413.0,Li4SrN2
287,LiScO2,<1E-10,1,1.047,141.0,257819.0,LiScO2
288,Li0.9Sc0.9Zr0.1O2,<1E-10,1,0.912,141.0,257820.0,Li0.9Sc0.9Zr0.1O2
289,Li7La3HfO12,9.85E-07,1,0.53,142.0,174202.0,Li7La3HfO12
290,Li7La3Zr2O12,1.63E-06,1,0.54,142.0,183684.0,Li7La3Zr2O12
291,Li7La3Zr2O12,5.00E-07,1,0.59,142.0,,Li7La3Zr2O12
292,Li7La3Zr2O12,9.90E-06,1,0.43,142.0,238687.0,Li7La3Zr2O12
293,LiGaSiO4,3.00E-16,1,0.9,146.0,65125.0,LiGaSiO4
294,LiGa0.5Al0.5GeO4,<1E-10,1,1.06,146.0,257740.0,LiGa0.5Al0.5GeO4
295,LiAlGeO4,<1E-10,1,0.97,146.0,257741.0,LiAlGeO4
296,LiGaGeO4,<1E-10,1,1.12,148.0,257739.0,LiGaGeO4
297,LiTi2(PO4)3,1.61E-04,1,0.21,148.0,,LiTi2(PO4)3
298,Li1.2Ti1.8Al0.2(PO4)3,4.82E-03,1,0.18,148.0,,Li1.2Ti1.8Al0.2(PO4)3
299,LiNaSO4,8.80E-10,1,,159.0,14364.0,LiNaSO4
300,Li3.333Mg0.333P2S6,8.20E-08,1,0.517,162.0,95606.0,Li3.333Mg0.333P2S6
301,Li2.667Mg0.667P2S6,4.00E-06,1,0.46,162.0,95607.0,Li2.667Mg0.667P2S6
302,Li4P2S6,2.38E-07,1,0.29,162.0,242170.0,Li4P2S6
303,Li4P2S6,1.60E-10,1,0.48,162.0,,Li4P2S6
304,Li3YCl6,5.39E-04,1,0.4,164.0,,Li3YCl6
305,Li3ErCl6,3.30E-04,1,0.41,164.0,50151.0,Li3ErCl6
306,Li4.4Al0.4Ge0.6S4,4.33E-05,1,0.38,164.0,235201.0,Li4.4Al0.4Ge0.6S4
307,Li4.4Al0.4Sn0.6S4,3.60E-06,1,0.15,164.0,235207.0,Li4.4Al0.4Sn0.6S4
308,Li5NCl2,1.20E-06,1,0.5,166.0,84763.0,Li5NCl2
309,LiHf2(PO4)3,2.83E-07,1,,167.0,,LiHf2(PO4)3
310,LiZr2(PO4)3,2.96E-10,1,,167.0,201935.0,LiZr2(PO4)3
311,LiGe2(PO4)3,3.33E-07,1,,167.0,263767.0,LiGe2(PO4)3
312,Li1.1Ti1.9Sc0.1(PO4)3,3.89E-04,1,0.3,167.0,,Li1.1Ti1.9Sc0.1(PO4)3
313,Li1.2Ti1.8Sc0.2(PO4)3,2.51E-03,1,0.25,167.0,,Li1.2Ti1.8Sc0.2(PO4)3
314,Li1.3Ti1.7Sc0.3(PO4)3,7.91E-04,1,0.28,167.0,,Li1.3Ti1.7Sc0.3(PO4)3
315,Li1.4Ti1.6Sc0.4(PO4)3,1.99E-04,1,0.31,167.0,,Li1.4Ti1.6Sc0.4(PO4)3
316,Li1.5Ti1.5Sc0.5(PO4)3,9.74E-05,1,0.32,167.0,,Li1.5Ti1.5Sc0.5(PO4)3
317,LiTi2(PO4)3,7.61E-06,1,0.38,167.0,95979.0,LiTi2(PO4)3
318,LiGe2(PO4)3,4.83E-09,1,0.654,167.0,69763.0,LiGe2(PO4)3
319,Li1.2Al0.2Ge1.8(PO4)3,4.83E-05,1,0.387,167.0,263760.0,Li1.2Al0.2Ge1.8(PO4)3
320,Li1.4Al0.4Ge1.6(PO4)3,1.88E-04,1,0.407,167.0,263762.0,Li1.4Al0.4Ge1.6(PO4)3
321,Li1.5Al0.5Ge1.5(PO4)3,3.36E-04,1,0.426,167.0,263763.0,Li1.5Al0.5Ge1.5(PO4)3
322,Li1.7Al0.7Ge1.3(PO4)3,2.64E-04,1,0.45,167.0,263765.0,Li1.7Al0.7Ge1.3(PO4)3
323,Li1.8Al0.8Ge1.2(PO4)3,1.37E-04,1,0.429,167.0,263766.0,Li1.8Al0.8Ge1.2(PO4)3
324,LiTi2(PO4)3,1.00E-04,1,,167.0,,LiTi2(PO4)3
325,Li1.2Ti2Si0.2P2.8O12,8.60E-05,1,,167.0,,Li1.2Ti2Si0.2P2.8O12
326,Li1.3Ti2Si0.3P2.7O12,3.20E-04,1,,167.0,,Li1.3Ti2Si0.3P2.7O12
327,Li1.4Ti2Si0.4P2.6O12,1.50E-04,1,,167.0,,Li1.4Ti2Si0.4P2.6O12
328,Li1.5Ti2Si0.5P2.5O12,9.60E-05,1,,167.0,,Li1.5Ti2Si0.5P2.5O12
329,Li1.3Al0.3Ti1.7(PO4)3,3.00E-03,1,,167.0,,Li1.3Al0.3Ti1.7(PO4)3
330,Li1.4Al0.4Ti1.6(PO4)3,3.88E-04,1,,167.0,,Li1.4Al0.4Ti1.6(PO4)3
331,Li1.5Al0.5Ti1.5(PO4)3,2.48E-04,1,,167.0,,Li1.5Al0.5Ti1.5(PO4)3
332,Li1.2Cr0.2Ti1.8(PO4)3,1.82E-05,1,,167.0,,Li1.2Cr0.2Ti1.8(PO4)3
333,Li1.3Cr0.3Ti1.7(PO4)3,3.51E-05,1,,167.0,,Li1.3Cr0.3Ti1.7(PO4)3
334,Li1.4Cr0.4Ti1.6(PO4)3,1.49E-04,1,,167.0,,Li1.4Cr0.4Ti1.6(PO4)3
335,Li1.5Cr0.5Ti1.5(PO4)3,3.86E-04,1,,167.0,,Li1.5Cr0.5Ti1.5(PO4)3
336,Li1.6Cr0.6Ti1.4(PO4)3,1.26E-04,1,,167.0,,Li1.6Cr0.6Ti1.4(PO4)3
337,Li1.7Cr0.7Ti1.3(PO4)3,8.05E-06,1,,167.0,,Li1.7Cr0.7Ti1.3(PO4)3
338,Li1.2Ga0.2Ti1.8(PO4)3,1.62E-04,1,,167.0,,Li1.2Ga0.2Ti1.8(PO4)3
339,Li1.3Ga0.3Ti1.7(PO4)3,2.61E-04,1,,167.0,,Li1.3Ga0.3Ti1.7(PO4)3
340,Li1.4Ga0.4Ti1.6(PO4)3,1.28E-04,1,,167.0,,Li1.4Ga0.4Ti1.6(PO4)3
341,Li1.5Ga0.5Ti1.5(PO4)3,1.22E-04,1,,167.0,,Li1.5Ga0.5Ti1.5(PO4)3
342,Li1.2Fe0.2Ti1.8(PO4)3,1.80E-04,1,,167.0,,Li1.2Fe0.2Ti1.8(PO4)3
343,Li1.3Fe0.3Ti1.7(PO4)3,2.46E-04,1,,167.0,,Li1.3Fe0.3Ti1.7(PO4)3
344,Li1.4Fe0.4Ti1.6(PO4)3,3.92E-04,1,,167.0,,Li1.4Fe0.4Ti1.6(PO4)3
345,Li1.2Sc0.2Ti1.8(PO4)3,6.90E-04,1,,167.0,,Li1.2Sc0.2Ti1.8(PO4)3
346,Li1.3Sc0.3Ti1.7(PO4)3,7.03E-04,1,,167.0,,Li1.3Sc0.3Ti1.7(PO4)3
347,Li1.4Sc0.4Ti1.6(PO4)3,5.15E-04,1,,167.0,,Li1.4Sc0.4Ti1.6(PO4)3
348,Li1.5Sc0.5Ti1.5(PO4)3,2.53E-04,1,,167.0,,Li1.5Sc0.5Ti1.5(PO4)3
349,Li1.2In0.2Ti1.8(PO4)3,3.90E-04,1,,167.0,,Li1.2In0.2Ti1.8(PO4)3
350,Li1.3In0.3Ti1.7(PO4)3,3.93E-04,1,,167.0,,Li1.3In0.3Ti1.7(PO4)3
351,Li1.4In0.4Ti1.6(PO4)3,3.02E-04,1,,167.0,,Li1.4In0.4Ti1.6(PO4)3
352,Li1.5In0.5Ti1.5(PO4)3,2.04E-04,1,,167.0,,Li1.5In0.5Ti1.5(PO4)3
353,Li1.2La0.2Ti1.8(PO4)3,8.00E-05,1,,167.0,,Li1.2La0.2Ti1.8(PO4)3
354,Li1.3La0.3Ti1.7(PO4)3,5.23E-04,1,,167.0,,Li1.3La0.3Ti1.7(PO4)3
355,Li1.4La0.4Ti1.6(PO4)3,4.98E-04,1,,167.0,,Li1.4La0.4Ti1.6(PO4)3
356,Li1.5La0.5Ti1.5(PO4)3,2.81E-04,1,,167.0,,Li1.5La0.5Ti1.5(PO4)3
357,Li1.5Fe0.5Ti1.5(PO4)3,1.74E-04,1,,167.0,55751.0,Li1.5Fe0.5Ti1.5(PO4)3
358,Li0.87Hf2.032P3O12,1.29E-05,1,0.33,167.0,83501.0,Li0.87Hf2.032P3O12
359,Li1.2Al0.2Ti1.8(PO4)3,5.95E-04,1,,167.0,427621.0,Li1.2Al0.2Ti1.8(PO4)3
360,Li(Ti1.4Sn0.6)(PO4)3,2.28E-05,1,0.32,167.0,183672.0,Li(Ti1.4Sn0.6)(PO4)3
361,Li(Ti0.6Sn1.4)(PO4)3,9.42E-06,1,,167.0,183676.0,Li(Ti0.6Sn1.4)(PO4)3
362,Li(Ti0.4Sn1.6)(PO4)3,3.15E-06,1,,167.0,183677.0,Li(Ti0.4Sn1.6)(PO4)3
363,Li1.15Y0.15Zr1.85(PO4)3,1.40E-04,1,0.39,167.0,191891.0,Li1.15Y0.15Zr1.85(PO4)3
364,LiZr2(PO4)3,1.00E-09,1,0.76,167.0,201935.0,LiZr2(PO4)3
365,Li1.3(Al0.3Ti1.7)(PO4)3,8.02E-07,1,,167.0,253240.0,Li1.3(Al0.3Ti1.7)(PO4)3
366,Li1.3(Al0.23Ga0.07Ti1.7)(PO4)3,4.46E-06,1,,167.0,253241.0,Li1.3(Al0.23Ga0.07Ti1.7)(PO4)3
367,Li1.3(Al0.23Sc0.07Ti1.7)(PO4)3,1.94E-07,1,,167.0,253242.0,Li1.3(Al0.23Sc0.07Ti1.7)(PO4)3
368,Li1.3(Al0.23Y0.07Ti1.7)(PO4)3,3.84E-08,1,,167.0,253243.0,Li1.3(Al0.23Y0.07Ti1.7)(PO4)3
369,Li1.3Al0.3Ti1.7(PO4)3,7.00E-04,1,,167.0,257190.0,Li1.3Al0.3Ti1.7(PO4)3
370,LiZr2(PO4)3,8.50E-05,1,,167.0,,LiZr2(PO4)3
371,Li1.025Y0.025Zr1.975(PO4)3,1.28E-04,1,,167.0,,Li1.025Y0.025Zr1.975(PO4)3
372,Li1.05Y0.05Zr1.95(PO4)3,1.30E-04,1,,167.0,,Li1.05Y0.05Zr1.95(PO4)3
373,Li1.1Y0.1Zr1.9(PO4)3,1.00E-04,1,,167.0,,Li1.1Y0.1Zr1.9(PO4)3
374,Li1.1Al0.1Ge1.9(PO4)3,1.29E-05,1,,167.0,,Li1.1Al0.1Ge1.9(PO4)3
375,Li1.2Al0.2Ge1.8(PO4)3,1.89E-05,1,0.46,167.0,,Li1.2Al0.2Ge1.8(PO4)3
376,Li1.3Al0.3Ge1.7(PO4)3,1.91E-04,1,,167.0,,Li1.3Al0.3Ge1.7(PO4)3
377,Li1.4Al0.4Ge1.6(PO4)3,3.17E-04,1,0.37,167.0,,Li1.4Al0.4Ge1.6(PO4)3
378,Li1.5Al0.5Ge1.5(PO4)3,3.45E-04,1,,167.0,,Li1.5Al0.5Ge1.5(PO4)3
379,Li1.6Al0.6Ge1.4(PO4)3,3.94E-04,1,0.37,167.0,,Li1.6Al0.6Ge1.4(PO4)3
380,Li1.7Al0.7Ge1.3(PO4)3,2.75E-04,1,,167.0,,Li1.7Al0.7Ge1.3(PO4)3
381,Li1.8Al0.8Ge1.2(PO4)3,1.23E-04,1,0.43,167.0,,Li1.8Al0.8Ge1.2(PO4)3
382,LiGe2(PO4)3,3.12E-09,1,0.6,167.0,,LiGe2(PO4)3
383,Li0.86Hf2.035(PO4)3,9.20E-08,1,0.48,167.0,,Li0.86Hf2.035(PO4)3
384,Li1.7Al0.3Ti1.6(PO4)3,5.00E-05,1,,167.0,,Li1.7Al0.3Ti1.6(PO4)3
385,Li1.2In0.2Ti1.8(PO4)3,8.22E-05,1,0.32,167.0,,Li1.2In0.2Ti1.8(PO4)3
386,Li1.3Al0.2Sc0.1Ti1.7(PO4)3,9.72E-04,1,0.25,167.0,,Li1.3Al0.2Sc0.1Ti1.7(PO4)3
387,Li1.3Al0.15Sc0.15Ti1.7(PO4)3,1.24E-03,1,0.23,167.0,,Li1.3Al0.15Sc0.15Ti1.7(PO4)3
388,Li1.3Al0.1Sc0.2Ti1.7(PO4)3,4.29E-04,1,0.26,167.0,,Li1.3Al0.1Sc0.2Ti1.7(PO4)3
389,Li1.3Sc0.3Ti1.7(PO4)3,4.52E-04,1,0.25,167.0,,Li1.3Sc0.3Ti1.7(PO4)3
390,Li1.3Al0.3Ti1.7(PO4)3,1.13E-03,1,0.23,167.0,257190.0,Li1.3Al0.3Ti1.7(PO4)3
391,LiTi(PO4)3,6.00E-05,1,0.33,167.0,,LiTi(PO4)3
392,Li1.05Al0.05Ti0.95(PO4)3,1.10E-03,1,0.31,167.0,,Li1.05Al0.05Ti0.95(PO4)3
393,Li1.1Al0.1Ti0.9(PO4)3,6.70E-04,1,0.32,167.0,,Li1.1Al0.1Ti0.9(PO4)3
394,Li1.2Al0.2Ti0.8(PO4)3,4.00E-03,1,0.31,167.0,,Li1.2Al0.2Ti0.8(PO4)3
395,Li1.3Al0.3Ti0.7(PO4)3,6.20E-03,1,0.3,167.0,,Li1.3Al0.3Ti0.7(PO4)3
396,Li1.4Al0.4Ti0.6(PO4)3,3.30E-03,1,0.29,167.0,,Li1.4Al0.4Ti0.6(PO4)3
397,Li1.05Cr0.05Ti0.95(PO4)3,1.80E-04,1,0.33,167.0,,Li1.05Cr0.05Ti0.95(PO4)3
398,Li1.1Cr0.1Ti0.9(PO4)3,2.60E-04,1,0.32,167.0,,Li1.1Cr0.1Ti0.9(PO4)3
399,Li1.2Cr0.2Ti0.8(PO4)3,4.30E-04,1,0.31,167.0,,Li1.2Cr0.2Ti0.8(PO4)3
400,Li1.3Cr0.3Ti0.7(PO4)3,2.90E-04,1,0.32,167.0,,Li1.3Cr0.3Ti0.7(PO4)3
401,Li1.05Fe0.05Ti0.95(PO4)3,1.30E-04,1,0.34,167.0,,Li1.05Fe0.05Ti0.95(PO4)3
402,Li1.1Fe0.1Ti0.9(PO4)3,6.30E-04,1,0.34,167.0,,Li1.1Fe0.1Ti0.9(PO4)3
403,Li1.2Fe0.2Ti0.8(PO4)3,1.40E-03,1,0.32,167.0,,Li1.2Fe0.2Ti0.8(PO4)3
404,Li1.3Fe0.3Ti0.7(PO4)3,2.30E-03,1,0.31,167.0,,Li1.3Fe0.3Ti0.7(PO4)3
405,Li1.5Fe0.5Ti0.5(PO4)3,2.70E-04,1,0.32,167.0,,Li1.5Fe0.5Ti0.5(PO4)3
406,LiGe2(PO4)3,3.37E-07,1,0.38,167.0,,LiGe2(PO4)3
407,Li1.3Al0.3Ge1.7(PO4)3,1.42E-04,1,0.37,167.0,,Li1.3Al0.3Ge1.7(PO4)3
408,Li1.7Al0.7Ge1.3(PO4)3,2.04E-04,1,,167.0,,Li1.7Al0.7Ge1.3(PO4)3
409,Li1.3Cr0.3Ge1.7(PO4)3,8.87E-05,1,0.39,167.0,,Li1.3Cr0.3Ge1.7(PO4)3
410,Li1.5Cr0.5Ge1.5(PO4)3,1.21E-04,1,0.37,167.0,,Li1.5Cr0.5Ge1.5(PO4)3
411,Li1.7Cr0.7Ge1.3(PO4)3,2.46E-05,1,,167.0,,Li1.7Cr0.7Ge1.3(PO4)3
412,Li1.3Ga0.3Ge1.7(PO4)3,4.47E-05,1,0.38,167.0,,Li1.3Ga0.3Ge1.7(PO4)3
413,Li1.5Ga0.5Ge1.5(PO4)3,2.01E-05,1,,167.0,,Li1.5Ga0.5Ge1.5(PO4)3
414,Li1.3Fe0.3Ge1.7(PO4)3,2.99E-05,1,0.39,167.0,,Li1.3Fe0.3Ge1.7(PO4)3
415,Li1.5Fe0.5Ge1.5(PO4)3,2.56E-05,1,,167.0,,Li1.5Fe0.5Ge1.5(PO4)3
416,Li1.3Sc0.3Ge1.7(PO4)3,5.59E-05,1,,167.0,,Li1.3Sc0.3Ge1.7(PO4)3
417,Li1.3In0.3Ge1.7(PO4)3,9.22E-06,1,,167.0,,Li1.3In0.3Ge1.7(PO4)3
418,Li1.5In0.5Ge1.5(PO4)3,5.81E-06,1,,167.0,,Li1.5In0.5Ge1.5(PO4)3
419,Li1.5Al0.5Ge1.5(PO4)3,2.86E-04,1,0.38,167.0,263764.0,Li1.5Al0.5Ge1.5(PO4)3
420,LiIO3,1.90E-07,1,,173.0,35473.0,LiIO3
421,Li9Mg3(PO4)4F3,<1E-10,1,0.835,173.0,426103.0,Li9Mg3(PO4)4F3
422,Pb6.12Ca1.9Li1.96(PO4)6,<1E-10,1,1.05,176.0,59615.0,Pb6.12Ca1.9Li1.96(PO4)6
423,LiNdSiO4,<1E-10,1,,176.0,,LiNdSiO4
424,LiDySiO4,<1E-10,1,,176.0,,LiDySiO4
425,Li2La8Si6O25,<1E-10,1,,176.0,,Li2La8Si6O25
426,Li3La7Si6O24,<1E-10,1,,176.0,,Li3La7Si6O24
427,Li0.284Sm4.512Si3O12.91,<1E-10,1,,176.0,83279.0,Li0.284Sm4.512Si3O12.91
428,LiLa9Si6O26,<1E-10,1,,176.0,291218.0,LiLa9Si6O26
429,LiEu9Si6O26,<1E-10,1,,176.0,291220.0,LiEu9Si6O26
430,LiAlSiO4,2.00E-09,1,0.68,181.0,55665.0,LiAlSiO4
431,Li3(NH2)2I,1.00E-05,1,0.58,186.0,167528.0,Li3(NH2)2I
432,Ba3LiTa5ZrSi4O26,<1E-10,1,0.79,189.0,239277.0,Ba3LiTa5ZrSi4O26
433,Li3N,1.20E-03,1,0.25,191.0,26540.0,Li3N
434,Li3N,3.00E-04,1,0.26,191.0,156894.0,Li3N
435,Fe2Na2K(Li3Si12O30),<1E-10,1,1.22,192.0,235750.0,Fe2Na2K(Li3Si12O30)
436,Li3P,7.03E-04,1,0.18,194.0,642223.0,Li3P
437,Li5.5K0.25La2.75Nb2O12,3.19E-03,1,0.49,199.0,,Li5.5K0.25La2.75Nb2O12
438,Li5.5La3Nb1.75In0.25O12,8.07E-03,1,0.49,199.0,,Li5.5La3Nb1.75In0.25O12
439,Li6BaLa2Nb2O12,6.00E-06,1,0.44,199.0,,Li6BaLa2Nb2O12
440,Li5La3Nb2O12,8.00E-06,1,0.43,199.0,54865.0,Li5La3Nb2O12
441,(K0.1Li0.9)(SbO3),1.36E-08,1,,201.0,200984.0,(K0.1Li0.9)(SbO3)
442,Li8GeP4,1.80E-05,1,0.435,205.0,235184.0,Li8GeP4
443,Li8SiP4,4.50E-05,1,0.404,205.0,235186.0,Li8SiP4
444,Li3AlN2,5.00E-08,1,0.45,206.0,257464.0,Li3AlN2
445,Li2MgTi3O8,<1E-10,1,0.71,212.0,86165.0,Li2MgTi3O8
446,Li2CoTi3O8,<1E-10,1,1.33,212.0,86166.0,Li2CoTi3O8
447,Li2CoGe3O8,<1E-10,1,1.49,212.0,86167.0,Li2CoGe3O8
448,Li2ZnGe3O8,<1E-10,1,2.14,212.0,86169.0,Li2ZnGe3O8
449,(Li0.61Mg0.39)(Li0.46Mg0.005Ti0.035)Ti1.5O4,6.56E-10,1,0.685,212.0,168144.0,(Li0.61Mg0.39)(Li0.46Mg0.005Ti0.035)Ti1.5O4
450,(Li0.55Mg0.45)(Li0.445Mg0.055)Ti1.5O4,1.53E-11,1,0.786,212.0,168145.0,(Li0.55Mg0.45)(Li0.445Mg0.055)Ti1.5O4
451,Li5NI2,4.00E-06,1,,216.0,16800.0,Li5NI2
452,Li2VCl4,6.95E-06,1,,216.0,74959.0,Li2VCl4
453,Li6PS5Cl0.25Br0.75,1.86E-03,1,0.328,216.0,,Li6PS5Cl0.25Br0.75
454,Li6PS5Cl,2.05E-03,1,0.452,216.0,259200.0,Li6PS5Cl
455,Li6PS5Cl0.5Br0.5,3.33E-03,1,0.367,216.0,259201.0,Li6PS5Cl0.5Br0.5
456,Li6PS5Br,1.15E-03,1,0.303,216.0,259202.0,Li6PS5Br
457,Li6PS5Br0.5I0.5,2.62E-05,1,0.312,216.0,259203.0,Li6PS5Br0.5I0.5
458,Li6PS5I,1.30E-06,1,0.383,216.0,259204.0,Li6PS5I
459,Li6PS5Cl0.75Br0.25,2.26E-03,1,0.408,216.0,259206.0,Li6PS5Cl0.75Br0.25
460,Li6PS5Br0.75I0.25,1.12E-04,1,0.321,216.0,259209.0,Li6PS5Br0.75I0.25
461,Li6PS5Br0.25I0.75,4.72E-06,1,0.351,216.0,259211.0,Li6PS5Br0.25I0.75
462,Li6PS5Br,7.01E-04,1,0.194,216.0,234584.0,Li6PS5Br
463,Li6.025P0.975Si0.025S5Br,8.78E-04,1,0.196,216.0,234585.0,Li6.025P0.975Si0.025S5Br
464,Li6.05P0.95Si0.05S5Br,4.37E-04,1,0.173,216.0,234586.0,Li6.05P0.95Si0.05S5Br
465,Li6.075P0.925Si0.075S5Br,8.73E-04,1,0.178,216.0,234587.0,Li6.075P0.925Si0.075S5Br
466,Li6.1P0.95Si0.1S5Br,7.99E-04,1,0.22,216.0,234588.0,Li6.1P0.95Si0.1S5Br
467,Li6.125P0.875Si0.125S5Br,9.02E-04,1,0.189,216.0,234589.0,Li6.125P0.875Si0.125S5Br
468,Li6.175P0.825Si0.175S5Br,9.31E-04,1,0.142,216.0,234591.0,Li6.175P0.825Si0.175S5Br
469,Li6.2P0.8Si0.2S5Br,1.69E-03,1,0.25,216.0,234592.0,Li6.2P0.8Si0.2S5Br
470,Li6.225P0.775Si0.225S5Br,1.08E-03,1,0.248,216.0,234593.0,Li6.225P0.775Si0.225S5Br
471,Li6.25P0.75Si0.25S5Br,1.41E-03,1,0.223,216.0,234594.0,Li6.25P0.75Si0.25S5Br
472,Li6.3P0.7Si0.3S5Br,1.65E-03,1,0.236,216.0,234595.0,Li6.3P0.7Si0.3S5Br
473,Li6.35P0.65Si0.35S5Br,2.34E-03,1,0.142,216.0,234596.0,Li6.35P0.65Si0.35S5Br
474,Li6.5P0.5Si0.5S5Br,2.19E-03,1,0.27,216.0,234597.0,Li6.5P0.5Si0.5S5Br
475,Li7Ge3PS12,1.10E-04,1,0.259,216.0,258187.0,Li7Ge3PS12
476,Li6B0.9PH3.6S4.9,1.80E-03,1,0.166,216.0,264526.0,Li6B0.9PH3.6S4.9
477,Li6PS5Cl,1.30E-03,1,0.33,216.0,,Li6PS5Cl
478,Li6PS5Br,2.77E-03,1,0.31,216.0,267193.0,Li6PS5Br
479,Li6P(S4.9Se0.1)Br,3.20E-03,1,0.33,216.0,267194.0,Li6P(S4.9Se0.1)Br
480,Li6P(S4.8Se0.2)Br,3.92E-03,1,0.34,216.0,267195.0,Li6P(S4.8Se0.2)Br
481,Li6P(S4.7Se0.3)Br,3.62E-03,1,0.33,216.0,267196.0,Li6P(S4.7Se0.3)Br
482,Li6P(S4.6Se0.4)Br,3.64E-03,1,0.33,216.0,267197.0,Li6P(S4.6Se0.4)Br
483,Li6P(S4.5Se0.5)Br,2.68E-03,1,0.34,216.0,267198.0,Li6P(S4.5Se0.5)Br
484,Li6P(S4.4Se0.6)Br,2.78E-03,1,0.34,216.0,267199.0,Li6P(S4.4Se0.6)Br
485,Li6P(S4.3Se0.7)Br,3.01E-03,1,0.35,216.0,267200.0,Li6P(S4.3Se0.7)Br
486,Li6P(S4.2Se0.8)Br,3.48E-03,1,0.34,216.0,267201.0,Li6P(S4.2Se0.8)Br
487,Li6P(S4.1Se0.9)Br,3.82E-03,1,0.34,216.0,267202.0,Li6P(S4.1Se0.9)Br
488,Li6P(S4Se)Br,3.61E-03,1,0.34,216.0,267203.0,Li6P(S4Se)Br
489,Li6PO5Cl,5.54E-10,1,0.66,216.0,421479.0,Li6PO5Cl
490,Li6PS5Br,3.20E-05,1,0.32,216.0,234598.0,Li6PS5Br
491,Li6PS5Cl,3.30E-05,1,0.38,216.0,259205.0,Li6PS5Cl
492,Li6PS5I,2.20E-04,1,0.26,216.0,259212.0,Li6PS5I
493,Li6PS5I,1.26E-06,1,0.38,216.0,,Li6PS5I
494,Li6P0.92Ge0.08S5I,9.02E-06,1,0.39,216.0,,Li6P0.92Ge0.08S5I
495,Li6P0.85Ge0.15S5I,3.99E-05,1,0.36,216.0,,Li6P0.85Ge0.15S5I
496,Li6P0.75Ge0.25S5I,3.26E-05,1,0.36,216.0,,Li6P0.75Ge0.25S5I
497,Li6P0.74Ge0.26S5I,1.51E-04,1,0.3,216.0,,Li6P0.74Ge0.26S5I
498,Li6P0.64Ge0.36S5I,6.58E-04,1,0.24,216.0,,Li6P0.64Ge0.36S5I
499,Li6P0.53Ge0.47S5I,1.52E-03,1,0.24,216.0,,Li6P0.53Ge0.47S5I
500,Li6P0.48Ge0.52S5I,1.83E-03,1,0.23,216.0,,Li6P0.48Ge0.52S5I
501,Li6P0.31Ge0.69S5I,5.16E-03,1,0.24,216.0,,Li6P0.31Ge0.69S5I
502,Li6P0.21Ge0.79S5I,5.41E-03,1,0.25,216.0,,Li6P0.21Ge0.79S5I
503,Li6PS5Cl,1.31E-06,1,0.38,216.0,,Li6PS5Cl
504,Li6PS5Br,2.41E-05,1,0.16,216.0,259208.0,Li6PS5Br
505,Li6PS5I,4.10E-07,1,0.32,216.0,418489.0,Li6PS5I
506,Li6PS5I,9.24E-05,1,,216.0,,Li6PS5I
507,Li6.1P0.9Sn0.1S5I,1.61E-04,1,,216.0,,Li6.1P0.9Sn0.1S5I
508,Li6.2P0.8Sn0.2S5I,2.32E-04,1,,216.0,,Li6.2P0.8Sn0.2S5I
509,Li6.25P0.75Sn0.25S5I,2.92E-04,1,,216.0,,Li6.25P0.75Sn0.25S5I
510,Li6.3P0.7Sn0.3S5I,3.06E-04,1,,216.0,,Li6.3P0.7Sn0.3S5I
511,Li6.5P0.5Sn0.5S5I,2.35E-04,1,,216.0,,Li6.5P0.5Sn0.5S5I
512,Li6.4P0.6Ge0.4S5I,2.51E-04,1,,216.0,,Li6.4P0.6Ge0.4S5I
513,Li6.45P0.55Ge0.45S5I,3.65E-04,1,,216.0,,Li6.45P0.55Ge0.45S5I
514,Li6.5P0.5Ge0.5S5I,5.42E-04,1,,216.0,,Li6.5P0.5Ge0.5S5I
515,Li6.55P0.45Ge0.55S5I,4.11E-04,1,,216.0,,Li6.55P0.45Ge0.55S5I
516,Li6.6P0.4Ge0.6S5I,2.74E-04,1,,216.0,,Li6.6P0.4Ge0.6S5I
517,Li6.8P0.2Ge0.8S5I,5.21E-05,1,,216.0,,Li6.8P0.2Ge0.8S5I
518,LiCe(BH4)3Cl,1.03E-04,1,,217.0,185218.0,LiCe(BH4)3Cl
519,Li7PN4,1.60E-07,1,0.4,218.0,69017.0,Li7PN4
520,Li8GeP4,8.60E-05,1,0.394,218.0,235185.0,Li8.0Ge1P4.0
521,Li4B7O12Cl,2.40E-05,1,,219.0,1125.0,Li4B7O12Cl
522,Fe0.16La2.95Li5.68Zr2O12,9.35E-04,1,0.29,220.0,431391.0,Fe0.16La2.95Li5.68Zr2O12
523,Fe0.19La2.95Li5.57Zr2O12,1.38E-03,1,0.28,220.0,431392.0,Fe0.19La2.95Li5.57Zr2O12
524,Li3ClO,2.50E-02,1,,221.0,,Li3ClO
525,Li2.99Ba0.005Cl0.5I0.5,2.50E-03,1,0.06,221.0,,Li2.99Ba0.005Cl0.5I0.5
526,Li0.31La0.63((Ti0.9Co0.1)O3,2.60E-04,1,,221.0,151533.0,Li0.31La0.63((Ti0.9Co0.1)O3
527,(La0.49Li0.461Sr0.049)(TiO3),0.000709,1,0.33,221.0,190825.0,La0.49Li0.461Sr0.049Ti1O3.0
528,(La0.46Li0.429Sr0.111)(TiO3),0.000197,1,0.33,221.0,190826.0,La0.46Li0.429Sr0.111Ti1O3.0
529,(La0.402Li0.368Sr0.230)(TiO3),2.87E-05,1,0.36,221.0,190827.0,La0.402Li0.368Sr0.23Ti1O3.0
530,Li2(OH)0.9F0.1Cl,3.86E-05,1,0.52,221.0,,Li2(OH)0.9F0.1Cl
531,Li2(OH)Br,1.20E-06,1,0.75,221.0,200874.0,Li2(OH)Br
532,Li9NS3,8.30E-07,1,0.52,221.0,240749.0,Li9NS3
533,(La0.55Li0.45)(Ti0.9Al0.1)O3,1.51E-03,1,,221.0,254045.0,(La0.55Li0.45)(Ti0.9Al0.1)O3
534,(La0.6Li0.4)(Ti0.8Al0.2)O3,5.68E-04,1,,221.0,254046.0,(La0.6Li0.4)(Ti0.8Al0.2)O3
535,(La0.65Li0.35)(Ti0.7Al0.3)O3,1.61E-04,1,,221.0,254047.0,(La0.65Li0.35)(Ti0.7Al0.3)O3
536,(La0.7Li0.3)(Ti0.6Al0.4)O3,1.04E-07,1,,221.0,254048.0,(La0.7Li0.3)(Ti0.6Al0.4)O3
537,(Li0.16Sr0.69)(Ga0.25Ta0.75)O3,3.69E-06,1,0.359,221.0,291520.0,(Li0.16Sr0.69)(Ga0.25Ta0.75)O3
538,Li0.375Sr0.4375Zr0.25Ta0.75O3,2.00E-04,1,0.26,221.0,,Li0.375Sr0.4375Zr0.25Ta0.75O3
539,Li0.25Sr0.625Ta0.5Zr0.5O3,3.34E-07,1,0.42,221.0,,Li0.25Sr0.625Ta0.5Zr0.5O3
540,Li0.375Sr0.4375Hf0.25Ta0.75O3,3.80E-04,1,0.36,221.0,,Li0.375Sr0.4375Hf0.25Ta0.75O3
541,Li0.375Sr0.4375Zr0.25Nb0.75O3,2.00E-05,1,0.26,221.0,,Li0.375Sr0.4375Zr0.25Nb0.75O3
542,Li0.25Sr0.625Zr0.5Nb0.5O3,2.75E-07,1,0.36,221.0,,Li0.25Sr0.625Zr0.5Nb0.5O3
543,Li2.99Ba0.005ClO,2.50E-02,1,0.13,221.0,,Li2.99Ba0.005ClO
544,Li2.99Ba0.005Cl0.5I0.5O,3.37E-03,1,,221.0,,Li2.99Ba0.005Cl0.5I0.5O
545,Sm0.5Li0.42TiO2.96,3.93E-10,1,0.58,221.0,,Sm0.5Li0.42TiO2.96
546,La0.52Li0.35TiO2.96,9.11E-04,1,0.32,221.0,,La0.52Li0.35TiO2.96
547,La0.61Li0.15TiO3,2.06E-04,1,,221.0,,La0.61Li0.15TiO3
548,La0.58Li0.24TiO3,7.22E-04,1,,221.0,,La0.58Li0.24TiO3
549,La0.55Li0.33TiO3,1.58E-03,1,,221.0,,La0.55Li0.33TiO3
550,La0.54Li0.36TiO3,9.79E-03,1,,221.0,,La0.54Li0.36TiO3
551,La0.52Li0.42TiO3,7.21E-04,1,,221.0,,La0.52Li0.42TiO3
552,La0.6Sr0.06Li0.06TiO3,1.13E-05,1,0.37,221.0,,La0.6Sr0.06Li0.06TiO3
553,La0.56Sr0.1Li0.1TiO3,1.37E-05,1,0.37,221.0,,La0.56Sr0.1Li0.1TiO3
554,La0.51Sr0.15Li0.15TiO3,5.30E-05,1,0.38,221.0,,La0.51Sr0.15Li0.15TiO3
555,La0.41Sr0.25Li0.25TiO3,7.64E-05,1,0.35,221.0,,La0.41Sr0.25Li0.25TiO3
556,La0.385Sr0.275Li0.275TiO3,6.04E-05,1,0.37,221.0,,La0.385Sr0.275Li0.275TiO3
557,La0.36Sr0.3Li0.3TiO3,1.92E-05,1,0.35,221.0,,La0.36Sr0.3Li0.3TiO3
558,La0.61Li0.18TiO3,2.09E-04,1,,221.0,,La0.61Li0.18TiO3
559,La0.58Li0.27TiO3,8.32E-04,1,,221.0,,La0.58Li0.27TiO3
560,La0.56Li0.33TiO3,1.30E-03,1,,221.0,,La0.56Li0.33TiO3
561,La0.55Li0.36TiO3,1.54E-03,1,0.33,221.0,,La0.55Li0.36TiO3
562,La0.54Li0.39TiO3,1.25E-03,1,,221.0,,La0.54Li0.39TiO3
563,La0.52Li0.45TiO3,7.85E-04,1,,221.0,,La0.52Li0.45TiO3
564,La0.51Li0.34TiO2.94,7.00E-05,1,0.36,221.0,,La0.51Li0.34TiO2.94
565,Li3OBr,1.10E-06,1,0.74,221.0,67265.0,Li3OBr
566,Li7.2N1.6Cl2.4,8.40E-07,1,0.49,225.0,49646.0,Li7.2N1.6Cl2.4
567,Li6NI3,3.70E-06,1,,225.0,83380.0,Li6NI3
568,Li0.19La0.67(Ti0.9Co0.1)O3,1.08E-04,1,,225.0,151535.0,Li0.19La0.67(Ti0.9Co0.1)O3
569,Li6NBr3,1.00E-08,1,0.69,225.0,84091.0,Li6NBr3
570,LiI,1.00E-07,1,,225.0,414244.0,LiI
571,Li(Li0.34Ti1.66)O4,6.03E-08,1,0.506,227.0,168137.0,Li(Li0.34Ti1.66)O4
572,(Li0.916Mg0.084)(Li0.352Mg0.016Ti1.634)O4,1.73E-08,1,0.564,227.0,168139.0,(Li0.916Mg0.084)(Li0.352Mg0.016Ti1.634)O4
573,(Li0.826Mg0.174)(Li0.374Mg0.026Ti1.60)O4,4.24E-09,1,0.615,227.0,168141.0,(Li0.826Mg0.174)(Li0.374Mg0.026Ti1.60)O4
574,(Li0.74Mg0.26)(Li0.40Mg0.04Ti1.56)O4,1.51E-09,1,0.639,227.0,168142.0,(Li0.74Mg0.26)(Li0.40Mg0.04Ti1.56)O4
575,Li2MnCl4,4.79E-06,1,,227.0,69678.0,Li2MnCl4
576,Li2MgCl4,6.24E-07,1,,227.0,74957.0,Li2MgCl4
577,Li1.9Mn0.9Ga0.1Cl4,2.37E-07,1,,227.0,50305.0,Li1.9Mn0.9Ga0.1Cl4
578,Li1.65Mn0.65In0.35Cl4,9.90E-08,1,,227.0,50306.0,Li1.65Mn0.65In0.35Cl4
579,LiCdCl4,5.80E-07,1,0.44,227.0,74958.0,LiCdCl4
580,LiSrNb2O6F,<1E-10,1,0.604,227.0,236009.0,LiSrNb2O6F
581,LiSrTa2O6F,<1E-10,1,0.604,227.0,236010.0,LiSrTa2O6F
582,LiSr0.9Nb2O6F0.8,<1E-10,1,0.709,227.0,236011.0,LiSr0.9Nb2O6F0.8
583,LiSr0.9Ta2O6F0.8,<1E-10,1,0.76,227.0,236012.0,LiSr0.9Ta2O6F0.8
584,Li1.1SrNb1.9Zr0.1O6F,<1E-10,1,0.622,227.0,236013.0,Li1.1SrNb1.9Zr0.1O6F
585,Li1.1SrTa1.9Zr0.1O6F,<1E-10,1,0.693,227.0,236014.0,Li1.1SrTa1.9Zr0.1O6F
586,Li6SrLa2Nb2O12,4.20E-06,1,0.5,230.0,157628.0,Li6SrLa2Nb2O12
587,Li6CaLa2Nb2O12,1.60E-06,1,0.55,230.0,161386.0,Li6CaLa2Nb2O12
588,Li5.25Ba0.25La2.75Ta2O12,6.03E-06,1,0.479,230.0,,Li5.25Ba0.25La2.75Ta2O12
589,Li5.5Ba0.5La2.5Ta2O12,1.35E-05,1,0.455,230.0,,Li5.5Ba0.5La2.5Ta2O12
590,Li6.25Ba1.25La1.75Ta2O12,5.05E-05,1,0.395,230.0,,Li6.25Ba1.25La1.75Ta2O12
591,Li6.5Ba1.5La1.5Ta2O12,3.20E-05,1,0.402,230.0,,Li6.5Ba1.5La1.5Ta2O12
592,Li6.75Ba1.75La1.25Ta2O12,1.25E-05,1,0.418,230.0,,Li6.75Ba1.75La1.25Ta2O12
593,Li7Ba2LaTa2O12,3.00E-06,1,0.442,230.0,,Li7Ba2LaTa2O12
594,Li5La3Ta2O12,4.33E-06,1,0.5,230.0,154400.0,Li5La3Ta2O12
595,Li6BaLa2Ta2O12,3.02E-05,1,0.419,230.0,237201.0,Li6BaLa2Ta2O12
596,Li7La3Zr1.89Al0.15O12,3.40E-04,1,0.334,230.0,,Li7La3Zr1.89Al0.15O12
597,Li7.06La3Y0.06Zr1.94O12,9.56E-04,1,0.26,230.0,,Li7.06La3Y0.06Zr1.94O12
598,Li6.25La3Zr2Ga0.25O12,3.50E-04,1,,230.0,,Li6.25La3Zr2Ga0.25O12
599,Li7La3Zr2O12,1.20E-04,1,,230.0,,Li7La3Zr2O12
600,Li6.8La3Zr1.8Ta0.2O12,2.80E-04,1,,230.0,,Li6.8La3Zr1.8Ta0.2O12
601,Li6.6La3Zr1.6Ta0.4O12,7.30E-04,1,,230.0,,Li6.6La3Zr1.6Ta0.4O12
602,Li6.5La3Zr1.5Ta0.5O12,9.20E-04,1,,230.0,,Li6.5La3Zr1.5Ta0.5O12
603,Li6.4La3Zr1.4Ta0.6O12,1.00E-03,1,0.35,230.0,,Li6.4La3Zr1.4Ta0.6O12
604,Li6.2La3Zr1.2Ta0.8O12,3.20E-04,1,,230.0,,Li6.2La3Zr1.2Ta0.8O12
605,Li6La3ZrTaO12,1.60E-04,1,,230.0,,Li6La3ZrTaO12
606,Li7La3Zr2O12,1.20E-04,1,,230.0,,Li7La3Zr2O12
607,Li6.8La3Zr1.8Ta0.2O12,2.80E-04,1,,230.0,,Li6.8La3Zr1.8Ta0.2O12
608,Li6.6La3Zr1.6Ta0.4O12,7.30E-04,1,,230.0,,Li6.6La3Zr1.6Ta0.4O12
609,Li6.5La3Zr1.5Ta0.5O12,9.20E-04,1,,230.0,,Li6.5La3Zr1.5Ta0.5O12
610,Li6.4La3Zr1.4Ta0.6O12,1.00E-03,1,0.35,230.0,,Li6.4La3Zr1.4Ta0.6O12
611,Li6.2La3Zr1.2Ta0.8O12,3.20E-04,1,,230.0,,Li6.2La3Zr1.2Ta0.8O12
612,Li6La3ZrTaO12,1.60E-04,1,,230.0,,Li6La3ZrTaO12
613,Li6.8La3Zr1.8Ta0.2O12,7.80E-04,1,,230.0,,Li6.8La3Zr1.8Ta0.2O12
614,Li6.75La3Zr1.75Ta0.25O12,8.80E-04,1,,230.0,,Li6.75La3Zr1.75Ta0.25O12
615,Li6.65La3Zr1.65Ta0.35O12,7.70E-04,1,,230.0,,Li6.65La3Zr1.65Ta0.35O12
616,Li6.6La3Zr1.6Ta0.4O12,7.20E-04,1,,230.0,,Li6.6La3Zr1.6Ta0.4O12
617,Li6.55La3Zr1.55Ta0.45O12,6.90E-04,1,,230.0,,Li6.55La3Zr1.55Ta0.45O12
618,Li6La3ZrTaO12,4.40E-04,1,,230.0,,Li6La3ZrTaO12
619,Li5La3Ta2O12,1.60E-04,1,,230.0,,Li5La3Ta2O12
620,Li6.7La3Zr1.7Ta0.3O12,9.60E-04,1,0.37,230.0,,Li6.7La3Zr1.7Ta0.3O12
621,Li6.5La3Zr1.5Ta0.5O12,6.70E-04,1,,230.0,183686.0,Li6.5La3Zr1.5Ta0.5O12
622,Li6.05Ga0.25La3Zr2O11.8F0.2,1.28E-03,1,0.28,230.0,,Li6.05Ga0.25La3Zr2O11.8F0.2
623,Li5.72Al0.26La3Zr1.5W0.25O12,4.90E-04,1,0.35,230.0,,Li5.72Al0.26La3Zr1.5W0.25O12
624,Li6.8La3Zr1.9Mo0.1O12,8.00E-05,1,0.46,230.0,,Li6.8La3Zr1.9Mo0.1O12
625,Li6.6La3Zr1.8Mo0.2O12,3.11E-04,1,0.48,230.0,,Li6.6La3Zr1.8Mo0.2O12
626,Li6.4La3Zr1.7Mo0.3O12,3.69E-04,1,0.49,230.0,,Li6.4La3Zr1.7Mo0.3O12
627,Li6.2La3Zr1.6Mo0.4O12,3.40E-04,1,0.48,230.0,,Li6.2La3Zr1.6Mo0.4O12
628,Li6.5La3Zr1.75Mo0.25O12,3.33E-04,1,0.39,230.0,239128.0,Li6.5La3Zr1.75Mo0.25O12
629,Li6.75La3Zr1.875Te0.125O12,3.30E-04,1,0.41,230.0,,Li6.75La3Zr1.875Te0.125O12
630,Li6.5La3Zr1.75Te0.25O12,1.02E-03,1,0.38,230.0,,Li6.5La3Zr1.75Te0.25O12
631,Li6.375La3Zr1.375Nb0.625O12,1.37E-03,1,0.25,230.0,,Li6.375La3Zr1.375Nb0.625O12
632,Li5La3Ta2O12,1.20E-06,1,0.56,230.0,154400.0,Li5La3Ta2O12
633,Li5La3Nb2O12,1.00E-05,1,0.43,230.0,171171.0,Li5La3Nb2O12
634,Li5La3Bi2O12,4.00E-05,1,0.47,230.0,158372.0,Li5La3Bi2O12
635,Li6La2SrBi2O12,5.20E-05,1,0.43,230.0,158373.0,Li6La2SrBi2O12
636,Li5Nd3Sb2O12,1.30E-07,1,0.67,230.0,159426.0,Li5Nd3Sb2O12
637,Li4Nd3TeSbO12,1.96E-06,1,0.64,230.0,159732.0,Li4Nd3TeSbO12
638,Li5La3Sb2O12,8.20E-06,1,0.51,230.0,161342.0,Li5La3Sb2O12
639,Li6SrLa2Sb2O12,6.60E-06,1,0.54,230.0,161343.0,Li6SrLa2Sb2O12
640,Li6(La2Ca)(NbO6)2,1.33E-06,1,,230.0,161386.0,Li6(La2Ca)(NbO6)2
641,Li6(La2Sr)(NbO6)2,3.69E-06,1,,230.0,161387.0,Li6(La2Sr)(NbO6)2
642,Li6CaLa2Ta2O12,2.20E-06,1,0.5,230.0,163860.0,Li6CaLa2Ta2O12
643,Li6BaLa2Ta2O12,1.30E-05,1,0.44,230.0,163861.0,Li6BaLa2Ta2O12
644,Li6.15La3Zr1.75Ta0.25Ga0.2O12,4.10E-04,1,0.27,230.0,,Li6.15La3Zr1.75Ta0.25Ga0.2O12
645,Li6.15La3Zr1.75Ta0.25Al0.2O12,3.70E-04,1,0.3,230.0,,Li6.15La3Zr1.75Ta0.25Al0.2O12
646,Li6.75La3Zr1.75Ta0.25O12,8.70E-04,1,0.22,230.0,183873.0,Li6.75La3Zr1.75Ta0.25O12
647,Li6.16Al0.28La3Zr2O12,6.10E-04,1,0.34,230.0,185539.0,Li6.16Al0.28La3Zr2O12
648,Li7La3Zr2O12,1.97E-06,1,0.49,230.0,,Li7La3Zr2O12
649,Li7La3Zr1.9222Al0.0778O12,1.58E-04,1,,230.0,,Li7La3Zr1.9222Al0.0778O12
650,Li7La3Zr1.8599Al0.1401O12,3.20E-04,1,0.34,230.0,,Li7La3Zr1.8599Al0.1401O12
651,Li6.06Al0.2La3Zr2O12,4.00E-04,1,0.34,230.0,185539.0,Li6.06Al0.2La3Zr2O12
652,Li6BaLa2Ta2O12,2.45E-05,1,0.4,230.0,185602.0,Li6BaLa2Ta2O12
653,Nd3Zr2Al0.5Li5.5O12,3.90E-05,1,0.56,230.0,189530.0,Nd3Zr2Al0.5Li5.5O12
654,(Li6.26Al0.24)La3Zr2O12,3.10E-04,1,0.33,230.0,195182.0,(Li6.26Al0.24)La3Zr2O12
655,Li6La3Nb1.5Y0.5O12,1.88E-04,1,,230.0,237141.0,Li6La3Nb1.5Y0.5O12
656,Li5.2La3Nb1.9Y0.1O12,6.39E-05,1,,230.0,237143.0,Li5.2La3Nb1.9Y0.1O12
657,Li5.4La3Nb1.8Y0.2O12,6.74E-05,1,,230.0,237144.0,Li5.4La3Nb1.8Y0.2O12
658,Li5.5La3Nb1.75Y0.25O12,9.18E-05,1,,230.0,237145.0,Li5.5La3Nb1.75Y0.25O12
659,Li6.5La3Nb1.25Y0.75O12,3.43E-04,1,,230.0,237146.0,Li6.5La3Nb1.25Y0.75O12
660,Li6Ba0.5Sr0.5La2Ta2O12,7.10E-06,1,0.45,230.0,237199.0,Li6Ba0.5Sr0.5La2Ta2O12
661,Li6SrLa2Ta2O12,5.40E-06,1,0.45,230.0,237200.0,Li6SrLa2Ta2O12
662,Li6BaLa2Ta2O12,1.50E-05,1,0.47,230.0,237201.0,Li6BaLa2Ta2O12
663,Li6CaLa2Ta2O12,2.20E-06,1,0.47,230.0,237202.0,Li6CaLa2Ta2O12
664,Li6BaLa2Ta2O12,4.00E-05,1,0.4,230.0,,Li6BaLa2Ta2O12
665,Li6SrLa2Ta2O12,7.00E-06,1,0.5,230.0,,Li6SrLa2Ta2O12
666,Li6SrLa2Ta2O12,7.00E-06,1,0.5,230.0,237200.0,Li6SrLa2Ta2O12
667,Li6BaLa2Ta2O12,4.00E-05,1,0.4,230.0,237201.0,Li6BaLa2Ta2O12
668,Li5.74La3Zr1.5Ta0.5O12,9.03E-04,1,0.435,230.0,239663.0,Li5.74La3Zr1.5Ta0.5O12
669,La3Li5.08Ta1.51Zr0.39O12,1.03E-04,1,0.536,230.0,239664.0,La3Li5.08Ta1.51Zr0.39O12
670,Li51.2Al1.6La24Zr16O96,2.54E-04,1,0.36,230.0,241475.0,Li51.2Al1.6La24Zr16O96
671,Li49.6Al1.6La24Zr14.4Ta1.6O96,6.14E-04,1,0.29,230.0,241476.0,Li49.6Al1.6La24Zr14.4Ta1.6O96
672,Li6.5La3Hf1.5Ta0.5O12,4.00E-04,1,0.4,230.0,258921.0,Li6.5La3Hf1.5Ta0.5O12
673,Li6.5La3Sn1.5Ta0.5O12,1.90E-04,1,0.45,230.0,258922.0,Li6.5La3Sn1.5Ta0.5O12
674,Li5La3Ta2O12,1.59E-05,1,,230.0,259164.0,Li5La3Ta2O12
675,Li5.3La3Ta1.85Sm0.15O12,7.11E-06,1,,230.0,259165.0,Li5.3La3Ta1.85Sm0.15O12
676,Li5.5La3Ta1.75Sm0.25O12,5.17E-06,1,,230.0,259166.0,Li5.5La3Ta1.75Sm0.25O12
677,Li5.70La3Ta1.65Sm0.35O12,2.15E-05,1,,230.0,259167.0,Li5.70La3Ta1.65Sm0.35O12
678,Li5.90La3Ta1.55Sm0.45O12,1.18E-05,1,,230.0,259168.0,Li5.90La3Ta1.55Sm0.45O12
679,Li6.10La3Ta1.45Sm0.55O12,1.40E-05,1,,230.0,259169.0,Li6.10La3Ta1.45Sm0.55O12
680,Li7La3Zr2O12,5.69E-04,1,0.36,230.0,422259.0,Li7La3Zr2O12
681,Li5La3Nb2O12,4.99E-06,1,,230.0,,Li5La3Nb2O12
682,Li5La3Nb1.95Y0.05O12,1.32E-05,1,,230.0,,Li5La3Nb1.95Y0.05O12
683,Li5La3Nb1.9Y0.1O12,1.43E-05,1,,230.0,,Li5La3Nb1.9Y0.1O12
684,Li5La3Nb1.85Y0.15O12,5.85E-06,1,,230.0,,Li5La3Nb1.85Y0.15O12
685,Li5La3Nb1.8Y0.2O12,9.05E-06,1,,230.0,,Li5La3Nb1.8Y0.2O12
686,Li5La3Nb1.75Y0.25O12,9.42E-06,1,,230.0,,Li5La3Nb1.75Y0.25O12
687,Li6.24La3Zr2Al0.24O11.98,4.00E-04,1,0.26,230.0,,Li6.24La3Zr2Al0.24O11.98
688,Li7La3Zr1.7Ga0.3O12,3.80E-05,1,0.37,230.0,,Li7La3Zr1.7Ga0.3O12
689,Li7La3Zr1.6Ga0.4O12,4.40E-05,1,0.36,230.0,,Li7La3Zr1.6Ga0.4O12
690,Li7La3Zr1.5Ga0.5O12,8.90E-05,1,0.36,230.0,,Li7La3Zr1.5Ga0.5O12
691,Li7La3Zr1Ga1O12,5.40E-04,1,0.32,230.0,,Li7La3Zr1Ga1O12
692,La3Zr2Ga0.5Li5.5O12,1.00E-04,1,,230.0,,La3Zr2Ga0.5Li5.5O12
693,Li6.8La3Zr1.8Sb0.2O12,5.90E-05,1,0.39,230.0,,Li6.8La3Zr1.8Sb0.2O12
694,Li6.6La3Zr1.6Sb0.4O12,7.70E-04,1,0.34,230.0,,Li6.6La3Zr1.6Sb0.4O12
695,Li6.4La3Zr1.4Sb0.6O12,6.60E-04,1,0.36,230.0,,Li6.4La3Zr1.4Sb0.6O12
696,Li6.2La3Zr1.2Sb0.8O12,4.50E-04,1,0.37,230.0,,Li6.2La3Zr1.2Sb0.8O12
697,Li6La3ZrSbO12,2.60E-04,1,0.38,230.0,,Li6La3ZrSbO12
698,Li6.29Al0.07La3Zr1.75Te0.25O12,4.00E-04,1,0.33,230.0,,Li6.29Al0.07La3Zr1.75Te0.25O12
699,Li6.65La2.75Ba0.25Zr1.4Ta0.5Nb0.1O12,5.27E-04,1,0.26,230.0,,Li6.65La2.75Ba0.25Zr1.4Ta0.5Nb0.1O12
700,Li6.4La3Zr1.4Ta0.6O12,7.24E-04,1,0.24,230.0,,Li6.4La3Zr1.4Ta0.6O12
701,Li6.4La3Zr1.4Ta0.5Nb0.1O12,4.44E-04,1,0.27,230.0,,Li6.4La3Zr1.4Ta0.5Nb0.1O12
702,Li6.4La3Zr1.4Ta0.4Nb0.2O12,4.55E-04,1,0.28,230.0,,Li6.4La3Zr1.4Ta0.4Nb0.2O12
703,Li6.4La3Zr1.4Ta0.3Nb0.3O12,6.06E-04,1,0.26,230.0,,Li6.4La3Zr1.4Ta0.3Nb0.3O12
704,Li7La3Zr2O12,1.74E-04,1,0.26,230.0,,Li7La3Zr2O12
705,Li3Nd3Te2O12,<1E-10,1,1.22,230.0,,Li3Nd3Te2O12
706,Li7.131La3Zr2O12Al0.244,7.73E-05,1,,230.0,,Li7.131La3Zr2O12Al0.244
707,Li6.949La3Zr2O12Al0.262,2.25E-04,1,,230.0,,Li6.949La3Zr2O12Al0.262
708,Li6.835La3Zr2O12Al0.231,2.20E-04,1,,230.0,,Li6.835La3Zr2O12Al0.231
709,Li6.660La3Zr2O12Al0.258,1.51E-04,1,,230.0,,Li6.660La3Zr2O12Al0.258
710,Li6.75La3Zr1.75Ta0.25O12,4.10E-04,1,0.42,230.0,,Li6.75La3Zr1.75Ta0.25O12
711,Li6.5La3Zr1.5Ta0.5O12,6.10E-04,1,0.4,230.0,,Li6.5La3Zr1.5Ta0.5O12
712,Li6La3ZrTaO12,2.10E-04,1,0.42,230.0,,Li6La3ZrTaO12
713,Li3Gd3Te2O12,<1E-10,1,,230.0,,Li3Gd3Te2O12
714,Li3Tb3Te2O12,<1E-10,1,,230.0,,Li3Tb3Te2O12
715,Li3Er3Te2O12,<1E-10,1,,230.0,,Li3Er3Te2O12
716,Li3Lu3Te2O12,<1E10,1,,230.0,,Li3Lu3Te2O12
717,Li2S*P2S5,0.0032,0,,,,Li2.0S6.0P2.0
718,0.7Li2S-0.3P2S5,5.40E-05,1,,,,Li1.4S2.2P0.6
719,Li3.8Ge0.8P0.2S4,1.75E-06,1,0.466,,,Li3.8Ge0.8P0.2S4
720,Li3.6Ge0.6P0.4S4,1.74E-04,1,0.339,,,Li3.6Ge0.6P0.4S4
721,Li3.4Ge0.4P0.6S4,6.53E-04,1,0.275,,,Li3.4Ge0.4P0.6S4
722,Li3.35Ge0.35P0.65S4,1.53E-03,1,0.229,,,Li3.35Ge0.35P0.65S4
723,Li3.3Ge0.3P0.7S4,1.76E-03,1,0.221,,,Li3.3Ge0.3P0.7S4
724,Li3.2Ge0.2P0.8S4,5.57E-04,1,0.275,,,Li3.2Ge0.2P0.8S4
725,Li2.9Ca0.05InBr6,2.16E-04,1,,,,Li2.9Ca0.05InBr6
726,Li2.86Ca0.07InBr6,4.04E-04,1,,,,Li2.86Ca0.07InBr6
727,Li2.8Ca0.1InBr6,3.00E-04,1,,,,Li2.8Ca0.1InBr6
728,Li2.7Ca0.15InBr6,6.97E-05,1,,,,Li2.7Ca0.15InBr6
729,Li3.9Zn0.05GeS4,2.72E-07,1,0.517,,,Li3.9Zn0.05GeS4
730,Li3.8Zn0.1GeS4,9.95E-08,1,0.545,,,Li3.8Zn0.1GeS4
731,Li3.6Zn0.2GeS4,5.90E-08,1,0.539,,,Li3.6Zn0.2GeS4
732,Li2GeS3,9.70E-09,1,,,,Li2GeS3
733,Li2ZnGeS4,1.40E-09,1,,,,Li2ZnGeS4
734,Li9.6P3S12,1.20E-03,1,0.259,,,Li9.6P3S12
735,Li1.3Al0.3Ge1.7(PO4)3,8.24E-05,1,0.386,,,Li1.3Al0.3Ge1.7(PO4)3
736,Li1.6Al0.6Ge1.4(PO4)3,2.84E-04,1,0.43,,,Li1.6Al0.6Ge1.4(PO4)3
737,LiTi2(PO4)3-0.2Li2O,0.00024,0,,,,Li1.4Al0.0Ti2.0P3.0O12.2
738,LiTi2(PO4)3-0.3Li2O,0.0015,0,,,,Li1.6Al0.0Ti2.0P3.0O12.3
739,LiTi2(PO4)3-0.4Li2O,0.00013,0,,,,Li1.8Al0.0Ti2.0P3.0O12.4
740,Li1.3Al0.3Ti1.7(PO4)3-0.3Li2O,0.00035,0,,,,Li1.9Al0.3Ti1.7P3.0O12.3
741,LiTi2(PO4)3-0.1Li4P2O7,0.00016,0,,,,Li1.4Al0.0Ti2.0P3.2O12.7
742,Li1.4Al0.4Ti1.6(PO4)3,3.38E-03,1,0.3,,,Li1.4Al0.4Ti1.6(PO4)3
743,Li1.2Ge0.2Ti1.8(PO4)3,7.94E-05,1,0.27,,,Li1.2Ge0.2Ti1.8(PO4)3
744,Li1.5Ge0.5Ti1.5(PO4)3,1.90E-04,1,0.33,,,Li1.5Ge0.5Ti1.5(PO4)3
745,Li1.2Al0.2Ti1.8(PO4)3,3.38E-03,1,0.28,,427619.0,Li1.2Al0.2Ti1.8(PO4)3
746,Li3ClO,8.50E-04,1,0.26,,,Li3ClO
747,Li3Cl0.5Br0.5O,1.94E-03,1,0.18,,,Li3Cl0.5Br0.5O
748,Li3OCl,1.47E-04,1,0.26,,,Li3OCl
749,Li3OCl0.5Br0.5,9.49E-04,1,0.18,,,Li3OCl0.5Br0.5
750,Li6.6La2.6Ce0.4Zr2O12,1.44E-05,1,0.48,,,Li6.6La2.6Ce0.4Zr2O12
751,Li1.4Al0.4Ti1.6(PO4)3,1.10E-03,1,,,,Li1.4Al0.4Ti1.6(PO4)3
752,80Li2S * 20P2S5,0.00072,1,,,,Li160.0S85.0P2.0
753,0.8Li2S-0.2P2S5,0.00072,1,,,,Li1.6S1.8P0.4
754,0.75Li2S-0.25P2S5,0.00028,1,,,,Li1.5S2.0P0.5
755,Li2S*P2S5*P2S3,0.0054,1,,,,Li2.0S9.0P4.0
756,Li2S*P2S5*Li3N,0.0014,1,,,,Li5.0S6.0P2.0N1
757,Li5La3Nb1.9Y0.1O12,1.44E-05,1,0.55,,,Li5La3Nb1.9Y0.1O12
758,Li7La3Zr2O12,2.35E-04,1,0.339,,,Li7La3Zr2O12
759,Li6.88La3Zr1.88Nb0.12O12,5.99E-04,1,0.319,,,Li6.88La3Zr1.88Nb0.12O12
760,Li6.75La3Zr1.75Nb0.25O12,7.71E-04,1,0.3,,,Li6.75La3Zr1.75Nb0.25O12
761,Li6.62La3Zr1.62Nb0.38O12,4.41E-04,1,0.31,,,Li6.62La3Zr1.62Nb0.38O12
762,Li6.5La3Zr1.5Nb0.5O12,2.98E-04,1,0.319,,,Li6.5La3Zr1.5Nb0.5O12
763,Li6La3ZrNbO12,1.50E-04,1,0.42,,,Li6La3ZrNbO12
764,Li5La3Nb2O12,3.00E-05,1,0.44,,,Li5La3Nb2O12
765,Li7La3Hf2O12,2.40E-04,1,0.29,,,Li7La3Hf2O12
766,Li7GePS8,7.00E-03,1,0.22,,,Li7GePS8
767,Li10(Ge0.95Si0.05)P2S12,8.63E-03,1,0.251,,,Li10(Ge0.95Si0.05)P2S12
768,Li10(Ge0.9Si0.1)P2S12,8.07E-03,1,0.26,,,Li10(Ge0.9Si0.1)P2S12
769,Li10(Ge0.8Si0.2)P2S12,7.28E-03,1,0.261,,,Li10(Ge0.8Si0.2)P2S12
770,Li10(Ge0.7Si0.3)P2S12,5.82E-03,1,0.265,,,Li10(Ge0.7Si0.3)P2S12
771,Li10(Ge0.6Si0.4)P2S12,5.24E-03,1,0.28,,,Li10(Ge0.6Si0.4)P2S12
772,Li10(Ge0.5Si0.5)P2S12,4.20E-03,1,0.284,,,Li10(Ge0.5Si0.5)P2S12
773,Li10(Ge0.2Si0.8)P2S12,4.81E-03,1,0.269,,,Li10(Ge0.2Si0.8)P2S12
774,Li10(Ge0.95Sn0.05)P2S12,7.80E-03,1,0.254,,,Li10(Ge0.95Sn0.05)P2S12
775,Li10(Ge0.9Sn0.1)P2S12,7.53E-03,1,0.256,,,Li10(Ge0.9Sn0.1)P2S12
776,Li10(Ge0.8Sn0.2)P2S12,7.06E-03,1,0.252,,,Li10(Ge0.8Sn0.2)P2S12
777,Li10(Ge0.7Sn0.3)P2S12,6.49E-03,1,0.254,,,Li10(Ge0.7Sn0.3)P2S12
778,Li10(Ge0.5Sn0.5)P2S12,6.17E-03,1,0.249,,,Li10(Ge0.5Sn0.5)P2S12
779,Li10(Ge0.4Sn0.6)P2S12,5.76E-03,1,0.265,,,Li10(Ge0.4Sn0.6)P2S12
780,Li10(Ge0.3Sn0.7)P2S12,5.56E-03,1,0.261,,,Li10(Ge0.3Sn0.7)P2S12
781,Li10(Ge0.2Sn0.8)P2S12,4.77E-03,1,0.269,,,Li10(Ge0.2Sn0.8)P2S12
782,0.5(Li2O) 0.5(P2O5),1.10E-09,1,0.71,,,Li1.0P1.0O3.0
783,0.58(Li2O) 0.42(P2O5),2.00E-08,1,0.6,,,Li1.16P0.84O2.68
784,0.6(Li2O) 0.4(P2O5),3.00E-08,1,0.61,,,Li1.2P0.8O2.6
785,0.63(Li2O) 0.37(P2O5),1.30E-07,1,0.56,,,Li1.26P0.74O2.48
786,0.66(Li2O) 0.34(P2O5),2.30E-07,1,0.55,,,Li1.32P0.68O2.3600000000000003
787,0.7(Li2O) 0.3(P2O5),3.00E-07,1,0.57,,,Li1.4P0.6O2.2
788,0.2(Li2S) 0.8(GeS2),1.10E-07,1,0.52,,,Li0.4S1.8Ge0.8
789,0.3(Li2S) 0.7(GeS2),9.30E-07,1,0.48,,,Li0.6S1.7Ge0.7
790,0.4(Li2S) 0.6(GeS2),2.90E-06,1,0.42,,,Li0.8S1.6Ge0.6
791,0.5(Li2S) 0.5(GeS2),3.30E-05,1,0.35,,,Li1.0S1.5Ge0.5
792,0.6(Li2S) 0.4(GeS2),9.20E-05,1,0.32,,,Li1.2S1.4Ge0.4
793,0.63(Li2S) 0.37(GeS2),0.00015,1,0.34,,,Li1.26S1.37Ge0.37
794,0.66(Li2S) 0.34(GeS2),0.0001,1,0.37,,,Li1.32S1.34Ge0.34
795,0.7(Li2S) 0.3(GeS2),0.00012,1,0.34,,,Li1.4S1.2999999999999998Ge0.3
796,Li2O-P2O5,1.10E-09,1,0.71,,,Li2.0O6.0P2.0
797,0.58Li2O-0.42P2O5,2.00E-08,1,0.6,,,Li1.16O2.68P0.84
798,0.6Li2O-0.4P2O5,3.00E-08,1,0.61,,,Li1.2O2.6P0.8
799,0.63Li2O-0.37P2O5,1.30E-07,1,0.56,,,Li1.26O2.48P0.74
800,0.66Li2O-0.34P2O5,2.30E-07,1,0.55,,,Li1.32O2.3600000000000003P0.68
801,0.7Li2O-0.3P2O5,3.00E-07,1,0.57,,,Li1.4O2.2P0.6
802,0.2Li2S-0.8GeS2,1.10E-07,1,0.52,,,Li0.4S1.8Ge0.8
803,0.3Li2S-0.7GeS2,9.30E-07,1,0.48,,,Li0.6S1.7Ge0.7
804,0.4Li2S-0.6GeS2,2.90E-06,1,0.42,,,Li0.8S1.6Ge0.6
805,0.5Li2S-0.5GeS2,3.30E-05,1,0.35,,,Li1.0S1.5Ge0.5
806,0.6Li2S-0.4GeS2,9.20E-05,1,0.32,,,Li1.2S1.4Ge0.4
807,0.63Li2S-0.37GeS2,0.00015,1,0.34,,,Li1.26S1.37Ge0.37
808,0.66Li2S-0.34GeS2,0.0001,1,0.37,,,Li1.32S1.34Ge0.34
809,0.7Li2S-0.3GeS2,0.00012,1,0.34,,,Li1.4S1.2999999999999998Ge0.3
810,Li6.55La3Zr2Ga0.15O12,1.30E-03,1,0.3,,,Li6.55La3Zr2Ga0.15O12
811,Li6.40La3Zr2Ga0.2O12,9.00E-04,1,0.3,,,Li6.40La3Zr2Ga0.2O12
812,Li6.10La3Zr2Ga0.25O12,7.00E-05,1,0.3,,,Li6.10La3Zr2Ga0.25O12
813,Li6.8La3Zr1.8Sb0.2O12,5.90E-05,1,0.39,,,Li6.8La3Zr1.8Sb0.2O12
814,Li6.6La3Zr1.6Sb0.4O12,7.70E-04,1,0.34,,,Li6.6La3Zr1.6Sb0.4O12
815,Li6.4La3Zr1.4Sb0.6O12,6.60E-04,1,0.36,,,Li6.4La3Zr1.4Sb0.6O12
816,Li6.2La3Zr1.2Sb0.8O12,4.50E-04,1,0.37,,,Li6.2La3Zr1.2Sb0.8O12
817,Li6La3ZrSbO12,2.60E-04,1,0.38,,,Li6La3ZrSbO12
818,Li(In0.62Li1.38)Br3.92,4.90E-06,1,0.58,,,Li(In0.62Li1.38)Br3.92
819,Li3InBr6,1.77E-04,1,,,,Li3InBr6
820,Li3InBr4Cl2,7.58E-06,1,,,,Li3InBr4Cl2
821,Li3InBr3Cl3,1.14E-04,1,,,,Li3InBr3Cl3
822,Li3InBr2.5Cl3.5,3.60E-06,1,,,,Li3InBr2.5Cl3.5
823,Li3InBr2Cl4,6.89E-08,1,,,,Li3InBr2Cl4
824,Li1.8Mg1.1Cl4,1.52E-06,1,,,,Li1.8Mg1.1Cl4
825,Li1.6Mg1.2Cl4,3.07E-06,1,,,,Li1.6Mg1.2Cl4
826,Li1.34Mg1.33Cl4,3.07E-06,1,,,,Li1.34Mg1.33Cl4
827,Li1.9Mn1.05Cl4,4.61E-06,1,,,,Li1.9Mn1.05Cl4
828,Li1.72Mn1.14Cl4,3.62E-06,1,,,,Li1.72Mn1.14Cl4
829,Li1.6Mn1.2Cl4,1.45E-05,1,,,,Li1.6Mn1.2Cl4
830,Li1.52Mn1.24Cl4,1.85E-05,1,,,,Li1.52Mn1.24Cl4
831,Li1.34Mn1.33Cl4,9.57E-06,1,,,,Li1.34Mn1.33Cl4
832,Li1.94Cl1.03Cl4,2.56E-06,1,,,,Li1.94Cl1.03Cl4
833,Li1.90Cd1.05Cl4,3.50E-06,1,,,,Li1.90Cd1.05Cl4
834,Li2OHBrF,7.10E-07,1,,,,Li2OHBrF
835,Li2OHBr0.99F0.01,9.16E-07,1,,,,Li2OHBr0.99F0.01
836,Li2OHBr0.98F0.02,1.11E-06,1,,,,Li2OHBr0.98F0.02
837,Li2OHBr0.95F0.05,6.75E-07,1,,,,Li2OHBr0.95F0.05
838,Li2OHBr0.9F0.1,6.80E-07,1,,,,Li2OHBr0.9F0.1
839,Li2OHBr0.8F0.2,5.44E-07,1,,,,Li2OHBr0.8F0.2
840,Li3(OH)2Cl,2.72E-08,1,0.88,,,Li3(OH)2Cl
841,Li5(OH)3Cl2,2.52E-08,1,0.75,,,Li5(OH)3Cl2
842,Li2OHCl,4.28E-08,1,0.56,,,Li2OHCl
843,Li5(OH)2Cl3,1.48E-07,1,0.49,,,Li5(OH)2Cl3
844,Li3OHCl2,8.92E-08,1,0.67,,,Li3OHCl2
845,Li3.7Zn0.15GeO4,4.63E-07,1,,,,Li3.7Zn0.15GeO4
846,Li3.5Zn0.25GeO4,2.42E-07,1,,,,Li3.5Zn0.25GeO4
847,Li3.1Zn0.45GeO4,9.89E-08,1,,,,Li3.1Zn0.45GeO4
848,Li2.8Zn0.6GeO4,1.27E-07,1,,,,Li2.8Zn0.6GeO4
849,Li2.6Zn0.7GeO4,5.79E-08,1,,,,Li2.6Zn0.7GeO4
850,Li2.3Zn0.85GeO4,4.23E-09,1,,,,Li2.3Zn0.85GeO4
851,Li7La2.75Ca0.25Zr1.75Nb0.25O12,2.20E-04,1,0.35,,,Li7La2.75Ca0.25Zr1.75Nb0.25O12
852,Li1.5Cr0.5Ti1.5(PO4)3,1.98E-04,1,0.29,,,Li1.5Cr0.5Ti1.5(PO4)3
853,Li3V2(PO4)3,2.09E-07,1,,,,Li3V2(PO4)3
854,Li3V1.8Al0.2(PO4)3,1.88E-06,1,,,,Li3V1.8Al0.2(PO4)3
855,Li3V1.6Al0.4(PO4)3,6.21E-06,1,,,,Li3V1.6Al0.4(PO4)3
856,Li3V1.4Al0.6(PO4)3,9.34E-07,1,,,,Li3V1.4Al0.6(PO4)3
857,Li7P2.9Mn0.1S10.7I0.3,5.60E-03,1,0.22,,,Li7P2.9Mn0.1S10.7I0.3
858,0.3 Li2S * 0.7 SiS2,1.60E-06,1,0.46,,,Li0.6Si0.7S1.7
859,0.4 Li2S * 0.6 SiS2,2.80E-05,1,0.38,,,Li0.8Si0.6S1.6
860,0.5 Li2S * 0.5 SiS2,0.0001,1,0.32,,,Li1.0Si0.5S1.5
861,0.6 Li2S * 0.4 SiS2,0.0005,1,0.25,,,Li1.2Si0.4S1.4
862,(2Li2S-P2S5),0.000112,1,,,,Li4P2S7?
863,(2Li2S-P2S5)0.85(LiI)0.15,0.000235,1,,,,Li3.55P1.70S5.95I0.15
864,(2Li2S-P2S5)0.75(LiI)0.25,0.000396,1,,,,Li3.25P1.50S5.25I0.25
865,(2Li2S-P2S5)0.60(LiI)0.40,0.00076,1,,,,Li2.80P1.20S4.20I0.40
866,(2Li2S-P2S5)0.55(LiI)0.45,0.00112,1,,,,Li2.65P1.10S3.85I0.45
867,0.14 SiS2-0.09 P2S5-0.47 Li2S-0.30 LiI,0.00132,1,0.34,,,I0.3Li1.24P0.18S1.2Si0.14
868,0.26B2S3 ? 0.3Li2S ? 0.44LiI,0.00157,1,0.3,,,B0.52S1.08Li1.04I0.44
869,0.26B2S3 ? 0.31Li2S ? 0.43LiI,0.000799,1,0.33,,,B0.52S1.09Li1.05I0.43
870,0.27B2S3 ? 0.32Li2S ? 0.41LiI,0.000425,1,0.35,,,B0.54S1.1300000000000001Li1.05I0.41
871,0.5 SiS2-0.5 Li2S,0.00015,1,0.34,,,Si1S3.0Li2.0
872,0.1 LiBr-0.45 SiS2-0.45 Li2S,0.00019,1,0.3,,,Br0.1Li1S1.35Si0.45
873,0.2 LiBr-0.4 SiS2-0.4 Li2S,0.00021,1,0.33,,,Br0.2Li1S1.2Si0.4
874,0.25 LiBr-0.38 SiS2-0.38 Li2S,0.00024,1,0.31,,,Br0.25Li1.01S1.14Si0.38
875,0.3 LiBr-0.3 SiS2-0.35 Li2S,0.00032,1,0.33,,,Br0.3Li1S0.95Si0.3
876,0.35 LiBr-0.33 SiS2-0.33 Li2S,0.00023,1,0.38,,,Br0.35Li1.01S0.99Si0.33
877,0.4 LiBr-0.3 SiS2-0.3 Li2S,0.00011,1,0.42,,,Br0.4Li1S0.9Si0.3
878,SiS2-Li2S,0.00012,1,0.35,,,Si1S3.0Li2.0
879,0.9(SiS2-Li2S)-0.1LiCl,0.000184,1,0.34,,,Si0.900S2.800Li2.100Cl0.100
880,0.8(SiS2-Li2S)-0.2LiCl,0.000235,1,0.33,,,Si0.800S2.600Li2.200Cl0.200
881,0.75(SiS2-Li2S)-0.25LiCl,0.000266,1,0.35,,,Si0.750S2.500Li2.250Cl0.250
882,0.7(SiS2-Li2S)-0.3LiCl,0.000233,1,0.35,,,Si0.700S2.400Li2.300Cl0.300
883,0.65(SiS2-Li2S)-0.35LiCl,0.000178,1,0.36,,,Si0.650S2.300Li2.350Cl0.350
884,0.6(SiS2-Li2S)-0.4LiCl,9.30E-05,1,0.34,,,Si0.600S2.200Li2.400Cl0.400
885,(0.4SiS2-0.6Li2S),0.00053,1,0.33,,,Si0.4Li1.2S1.4?
886,0.9(0.4SiS2-0.6Li2S)-0.1LiI,0.00065,1,0.31,,,Si0.360S1.320Li1.300I0.100
887,0.8(0.4SiS2-0.6Li2S)-0.2LiI,0.00077,1,0.3,,,Si0.320S1.240Li1.400I0.200
888,0.7(0.4SiS2-0.6Li2S)-0.3LiI,0.00115,1,0.29,,,Si0.280S1.160Li1.500I0.300
889,0.6(0.4SiS2-0.6Li2S)-0.4LiI,0.00178,1,0.28,,,Si0.240S1.080Li1.600I0.400
890,0.55(0.4SiS2-0.6Li2S)-0.45LiI,0.00141,1,0.29,,,Si0.220S1.040Li1.650I0.450
891,0.24SiS2-0.36Li2S-0.4LiI,0.0018,1,0.28,,,I0.4Li1.12S0.84Si0.24
892,0.28SiS2-0.42Li2S-0.30LiI,0.0018,1,0.31,,,I0.3Li1.14S0.98Si0.28
893,0.14SiS2-0.09P2S5-0.47Li2S-0.30LiI,0.0021,1,0.34,,,I0.3Li1.24P0.18S1.2Si0.14
894,0.27SiS2-0.03Al2S3-0.30Li2S-0.40LiI,0.0012,1,0.34,,,Al0.06I0.4Li1S0.9299999999999999Si0.27
895,0.21SiS2-0.09B2S3-0.30Li2S-0.40LiI,0.0017,1,0.3,,,B0.18I0.4Li1S0.99Si0.21
896,0.30Li2S-0.7GeS???2,4.40E-07,1,0.63,,,Li0.6Ge0.7S1.7?
897,0.40Li2S-0.60GeS2,3.20E-06,1,0.52,,,Li0.8S1.6Ge0.6
898,0.50Li2S-0.50GeS2,4.00E-05,1,0.51,,,Li1.0S1.5Ge0.5
899,0.3Li2S-0.7P2S5,0.017,1,0.18,,,Li0.6S3.8P1.4
900,0.7Li2S-0.3P2S5,0.0032,1,0.12,,,Li1.4S2.2P0.6
901,0.6Li2S-0.4P2S5,0.00015,1,0.31,,,Li1.2S2.6P0.8
902,0.95(0.6Li2S-0.4SiS2)- 0.05Li4SiO4,0.00158,1,0.34,,,Li1.340S1.370Si0.450O0.200
903,0.9(0.6Li2S-0.4SiS2)- 0.1Li4SiO4,0.000434,1,0.37,,,Li1.480S1.340Si0.500O0.400
904,0.8(0.6Li2S-0.4SiS2)- 0.2Li4SiO4,0.000159,1,0.43,,,Li1.760S1.280Si0.600O0.800
905,0.95(0.6Li2S-0.4SiS2)-0.05Li3PO4,0.000868,1,0.35,,,Li1.290S1.370Si0.400P0.050O0.200
906,0.7(0.6Li2S-0.4SiS2)- 0.3Li3PO4,2.08E-05,1,0.46,,,Li1.740S1.220Si0.400P0.300O1.200
907,0.6(0.6Li2S-0.4SiS2)- 0.4Li3PO4,5.33E-06,1,0.51,,,Li1.920S1.160Si0.400P0.400O1.600
908,0.95(0.6Li2S-0.4SiS2)-0.05Li4GeO4,0.00119,1,0.28,,,Li1.340S1.370Si0.400Ge0.050O0.200
909,0.9(0.6Li2S-0.4SiS2)- 0.1Li4GeO4,0.000318,1,0.35,,,Li1.480S1.340Si0.400Ge0.100O0.400
910,0.85(0.6Li2S-0.4SiS2)- 0.15Li4GeO4,0.000114,1,0.4,,,Li1.620S1.310Si0.400Ge0.150O0.600
911,0.95(0.6Li2S-0.4SiS2)-0.05Li3BO3,0.00144,1,0.33,,,Li1.290S1.370Si0.400B0.050O0.150
912,0.93(0.6Li2S-0.4SiS2)-0.07Li3BO3,0.000384,1,0.35,,,Li1.326S1.358Si0.400B0.070O0.210
913,0.85(0.6Li2S-0.4SiS2)-0.15Li3BO3,0.000342,1,0.36,,,Li1.470S1.310Si0.400B0.150O0.450
914,0.75(0.6Li2S-0.4SiS2)-0.25Li3BO3,7.06E-05,1,0.38,,,Li1.650S1.250Si0.400B0.250O0.750
915,0.95(0.6Li2S-0.4SiS2)-0.05Li3AlO3,0.00131,1,0.31,,,Li1.290S1.370Si0.400Al0.050O0.150
916,0.94(0.6Li2S-0.4SiS2)-0.06Li3AlO3,0.000683,1,0.34,,,Li1.308S1.364Si0.400Al0.060O0.180
917,0.92(0.6Li2S-0.4SiS2)-0.08Li3AlO3,0.000404,1,0.34,,,Li1.344S1.352Si0.400Al0.080O0.240
918,0.825(0.6Li2S-0.4SiS2)- 0.175Li3AlO3,0.000131,1,0.36,,,Li1.515S1.295Si0.400Al0.175O0.525
919,0.975(0.6Li2S-0.4SiS2)-0.025Li3GaO3,0.000682,1,0.31,,,Li1.245S1.385Si0.400Ga0.025O0.075
920,0.95(0.6Li2S-0.4SiS2)-0.05Li3GaO3,0.000325,1,0.32,,,Li1.290S1.370Si0.400Ga0.050O0.150
921,0.92(0.6Li2S-0.4SiS2)-0.08Li3GaO3,0.000303,1,0.35,,,Li1.344S1.352Si0.400Ga0.080O0.240
922,0.89(0.6Li2S-0.4SiS2)-0.11Li3GaO3,0.000113,1,0.38,,,Li1.398S1.334Si0.400Ga0.110O0.330
923,0.97(0.6Li2S-0.4SiS2)-0.03Li3InO3,0.000309,1,0.34,,,Li1.254S1.382Si0.400In0.030O0.090
924,0.95(0.6Li2S-0.4SiS2)-0.05Li3InO3,0.000325,1,0.35,,,Li1.290S1.370Si0.400In0.050O0.150
925,0.9(0.6Li2S-0.4SiS2)-0.1Li3InO3,6.84E-05,1,0.4,,,Li1.380S1.340Si0.400In0.100O0.300
926,0.95(0.6Li2S-0.4SiS2)-0.05Li4SiO4,0.00154,1,0.38,,,Li1.340S1.370Si0.450O0.200
927,0.9(0.6Li2S-0.4SiS2)-0.1Li4SiO4,0.000439,1,0.4,,,Li1.480S1.340Si0.500O0.400
928,0.95(0.6Li2S-0.4SiS2)-0.05Li2SO4,0.000453,1,0.41,,,Li1.240S1.420Si0.400O0.200
929,0.9(0.6Li2S-0.4SiS2)-0.1Li2SO4,4.70E-05,1,0.45,,,Li1.280S1.440Si0.400O0.400
930,0.5Li2O-0.1TiO2-0.4P2O5,5.67E-08,1,0.56,,,Li1O2.7P0.8Ti0.1
931,0.5025Li2O-0.0025Al2O3-0.095TiO2-0.4P2O5,1.56E-08,1,0.55,,,Al0.005Li1.005O2.7P0.8Ti0.095
932,0.505Li2O-0.005Al2O3-0.09TiO2-0.4P2O5,1.78E-07,1,0.5,,,Al0.01Li1.01O2.7P0.8Ti0.09
933,0.5075Li2O-0.0075Al2O3-0.085TiO2-0.4P2O5,2.51E-07,1,0.57,,,Al0.015Li1.015O2.7P0.8Ti0.085
934,0.51Li2O-0.01Al2O3-0.08TiO2-0.4P2O5,1.58E-07,1,0.55,,,Al0.02Li1.02O2.7P0.8Ti0.08
935,0.515Li2O-0.015Al2O3-0.07TiO2-0.4P2O5,1.25E-07,1,0.56,,,Al0.03Li1.03O2.7P0.8Ti0.07
936,0.525Li2O-0.025Al2O3-0.05TiO2-0.4P2O5,2.17E-07,1,0.56,,,Al0.05Li1.05O2.7P0.8Ti0.05
937,0.53Li2O-0.03Al2O3-0.04TiO2-0.4P2O5,2.72E-07,1,0.54,,,Al0.06Li1.06O2.7P0.8Ti0.04
938,0.54Li2O-0.04Al2O3-0.02TiO2-0.4P2O5,1.97E-07,1,0.55,,,Al0.08Li1.08O2.7P0.8Ti0.02
939,0.545Li2O-0.045Al2O3-0.01TiO2-0.4P2O5,7.14E-08,1,0.56,,,Al0.09Li1.09O2.7P0.8Ti0.01
940,0.95(0.6Li2S-0.4SiS2)-0.05Li4SiO4,0.00151,1,0.34,,,Li1.340S1.370Si0.450O0.200
941,0.90(0.6Li2S-0.4SiS2)-0.1Li4SiO4,0.000434,1,0.37,,,Li1.480S1.340Si0.500O0.400
942,0.8(0.6Li2S-0.4SiS2)-0.2Li4SiO4,0.000163,1,0.43,,,Li1.760S1.280Si0.600O0.800
943,0.95(0.6Li2S-0.4SiS2)-0.05Li3PO4,0.000932,1,0.35,,,Li1.290S1.370Si0.400P0.050O0.200
944,0.9(0.6Li2S-0.4SiS2)-0.1Li3PO4,0.000455,1,0.37,,,Li1.380S1.340Si0.400P0.100O0.400
945,0.7(0.6Li2S-0.4SiS2)-0.3Li3PO4,2.08E-05,1,0.46,,,Li1.740S1.220Si0.400P0.300O1.200
946,0.6(0.6Li2S-0.4SiS2)-0.4Li3PO4,5.33E-06,1,0.51,,,Li1.920S1.160Si0.400P0.400O1.600
947,0.95(0.6Li2S-0.4SiS2)-0.05Li4GeO4,0.00121,1,0.28,,,Li1.340S1.370Si0.400Ge0.050O0.200
948,0.9(0.6Li2S-0.4SiS2)-0.1Li4GeO4,0.000318,1,0.34,,,Li1.480S1.340Si0.400Ge0.100O0.400
949,0.85(0.6Li2S-0.4SiS2)-0.15Li4GeO4,0.000114,1,0.41,,,Li1.620S1.310Si0.400Ge0.150O0.600
950,Li7PS6,8.00E-05,1,,,,Li7PS6
951,0.7Li2S-0.3P2S5,0.0032,1,0.12,,,Li1.4S2.2P0.6
952,0.95(0.6Li2S-0.4SiS2)-0.05Li3BO3,0.0014,1,,,,Li1.290S1.370Si0.400B0.050O0.150
953,0.93(0.6Li2S-0.4SiS2)-0.07Li3BO3,0.000371,1,,,,Li1.326S1.358Si0.400B0.070O0.210
954,0.85(0.6Li2S-0.4SiS2)-0.15Li3BO3,0.000339,1,,,,Li1.470S1.310Si0.400B0.150O0.450
955,0.75(0.6Li2S-0.4SiS2)-0.25Li3BO3,7.15E-05,1,,,,Li1.650S1.250Si0.400B0.250O0.750
956,0.95(0.6Li2S-0.4SiS2)-0.05Li3AlO3,0.00122,1,,,,Li1.290S1.370Si0.400Al0.050O0.150
957,0.94(0.6Li2S-0.4SiS2)-0.06Li3AlO3,0.000667,1,,,,Li1.308S1.364Si0.400Al0.060O0.180
958,0.92(0.6Li2S-0.4SiS2)-0.08Li3AlO3,0.000394,1,,,,Li1.344S1.352Si0.400Al0.080O0.240
959,0.825(0.6Li2S-0.4SiS2)-0.175Li3AlO3,0.000125,1,,,,Li1.515S1.295Si0.400Al0.175O0.525
960,0.975(0.6Li2S-0.4SiS2)-0.025Li3GaO3,0.000705,1,,,,Li1.245S1.385Si0.400Ga0.025O0.075
961,0.95(0.6Li2S-0.4SiS2)-0.05Li3GaO3,0.000336,1,,,,Li1.290S1.370Si0.400Ga0.050O0.150
962,0.92(0.6Li2S-0.4SiS2)-0.08Li3GaO3,0.000306,1,,,,Li1.344S1.352Si0.400Ga0.080O0.240
963,0.89(0.6Li2S-0.4SiS2)-0.11Li3GaO3,0.00012,1,,,,Li1.398S1.334Si0.400Ga0.110O0.330
964,0.97(0.6Li2S-0.4SiS2)-0.03Li3InO3,0.000311,1,,,,Li1.254S1.382Si0.400In0.030O0.090
965,0.95(0.6Li2S-0.4SiS2)-0.05Li3InO3,0.000299,1,,,,Li1.290S1.370Si0.400In0.050O0.150
966,0.90(0.6Li2S-0.4SiS2)-0.10Li3InO3,6.81E-05,1,,,,Li1.380S1.340Si0.400In0.100O0.300
967,(0.67Li2S-0.33SiS2)-(0.75Li2S-0.25P2S5),0.0012,1,0.28,,,Li2.840S3.330Si0.330P0.500
968,0.2Li3N-0.8SiS2,1.46E-06,1,0.45,,,Li0.6000000000000001N0.2Si0.8S1.6
969,0.3Li3N-0.7SiS2,2.97E-05,1,0.36,,,Li0.8999999999999999N0.3Si0.7S1.4
970,0.4Li3N-0.6SiS2,0.000274,1,0.3,,,Li1.2000000000000002N0.4Si0.6S1.2
971,0.5Li3N-0.5SiS2,4.47E-05,1,0.34,,,Li1.5N0.5Si0.5S1.0
972,0.6Li3N-0.4SiS2,2.25E-08,1,0.63,,,Li1.7999999999999998N0.6Si0.4S0.8
973,0.6Li2S-0.4P2S3,5.70E-06,1,,,,Li1.2S1.8000000000000003P0.8
974,0.63Li2S-0.37P2S3,2.55E-05,1,,,,Li1.26S1.7399999999999998P0.74
975,0.667Li2S-0.333P2S3,0.00011,1,0.4,,,Li1.334S1.6660000000000001P0.666
976,0.7Li2S-0.3P2S3,7.90E-05,1,,,,Li1.4S1.5999999999999999P0.6
977,0.75Li2S-0.25P2S3,5.08E-05,1,,,,Li1.5S1.5P0.5
978,0.6Li2S-0.4SiS2,0.00051,1,0.33,,,Li1.2S1.4Si0.4
979,0.555Li2S-0.4SiS2-0.045Li3N,0.0015,1,0.28,,,Li1.245N0.045S1.355Si0.4
980,0.525Li2S-0.4SiS2-0.075Li3N,0.00096,1,0.29,,,Li1.275N0.075S1.3250000000000002Si0.4
981,0.1Li2O-0.1LiCl-0.65B2O3-0.1SiO2-0.05Al2O3,0.00019,1,0.427,,,Al0.1B1.3Cl0.1Li0.30000000000000004O2.4000000000000004Si0.1
982,0.75Li2O-0.25P2S5,1.80E-05,1,0.48,,,Li1.5O0.75P0.5S1.25
983,0.75(0.7Li2O-0.3Li2S)-0.25P2S5,2.42E-05,1,0.48,,,Li1.650O0.525S1.550P0.500
984,0.75(0.5Li2O-0.5Li2S)-0.25P2S5,2.83E-05,1,0.46,,,Li1.750O0.375S1.750P0.500
985,0.75(0.4Li2O-0.6Li2S)-0.25P2S5,4.99E-05,1,0.44,,,Li1.800O0.300S1.850P0.500
986,0.75(0.3Li2O-0.7Li2S)-0.25P2S5,8.89E-05,1,0.4,,,Li1.850O0.225S1.950P0.500
987,0.75(0.2Li2O-0.8Li2S)-0.25P2S5,0.000163,1,0.38,,,Li1.900O0.150S2.050P0.500
988,0.75(0.1Li2O-0.9Li2S)-0.25P2S5,0.000227,1,0.36,,,Li1.950O0.075S2.150P0.500
989,0.75Li2S-0.25P2S5,0.00018,1,0.41,,,Li1.5S2.0P0.5
990,0.45Li2-0.55SiS2,0.000108,1,0.4,,,Li0.9Si0.55S1.1
991,0.5Li2-0.5SiS2,0.000336,1,0.32,,,Li1.0Si0.5S1.0
992,0.55Li2-0.45SiS2,0.000653,1,0.3,,,Li1.1Si0.45S0.9
993,0.60Li2-0.4SiS2,0.00119,1,0.29,,,Li1.2Si0.4S0.8
994,0.63Li2-0.37SiS2,0.00105,1,0.3,,,Li1.26Si0.37S0.74
995,0.65Li2-0.35SiS2,0.000741,1,0.33,,,Li1.3Si0.35S0.7
996,0.95(0.5Li2-0.5SiS2)-0.05(0.5Li2O-0.5P2O5),0.000427,1,0.38,,,Li1.000Si0.500S1.000O2.525P1.000
997,0.95(0.53Li2-0.47SiS2)-0.05(0.53Li2O-0.47P2O5),0.000591,1,0.33,,,Li1.060Si0.470S0.940O2.376P0.940
998,0.95(0.55Li2-0.45SiS2)-0.05(0.55Li2O-0.45P2O5),0.00101,1,0.34,,,Li1.100Si0.450S0.900O2.277P0.900
999,0.95(0.58Li2-0.42SiS2)-0.05(0.58Li2O-0.42P2O5),0.00106,1,0.34,,,Li1.160Si0.420S0.840O2.129P0.840
1000,0.95(0.6Li2-0.4SiS2)-0.05(0.6Li2O-0.4P2O5),0.00101,1,0.27,,,Li1.200Si0.400S0.800O2.030P0.800
1001,0.95(0.63Li2-0.37SiS2)-0.05(0.63Li2O-0.37P2O5),0.000871,1,0.33,,,Li1.260Si0.370S0.740O1.882P0.740
1002,0.95(0.65Li2-0.35SiS2)-0.05(0.65Li2O-0.35P2O5),0.000534,1,0.32,,,Li1.300Si0.350S0.700O1.782P0.700
1003,0.95(0.67Li2-0.33SiS2)-0.05(0.67Li2O-0.33P2O5),0.000199,1,0.37,,,Li1.340Si0.330S0.660O1.684P0.660
1004,0.8(0.55Li2-0.45SiS2)-0.2(0.55Li2O-0.45P2O5),7.88E-05,1,0.41,,,Li1.100Si0.450S0.900O2.360P0.900
1005,0.8(0.6Li2-0.4SiS2)-0.2(0.6Li2O-0.4P2O5),7.69E-05,1,0.41,,,Li1.200Si0.400S0.800O2.120P0.800
1006,0.8(0.65Li2-0.35SiS2)-0.2(0.65Li2O-0.35P2O5),5.21E-05,1,0.42,,,Li1.300Si0.350S0.700O1.880P0.700
1007,0.65Li2S-0.35P2S5,4.14E-05,1,,,,Li1.3S2.4P0.7
1008,0.675Li2S-0.325P2S5,7.84E-05,1,,,,Li1.35S2.3P0.65
1009,0.7Li2S-0.3P2S5,0.00158,1,0.39,,,Li1.4S2.2P0.6
1010,0.725Li2S-0.275P2S5,0.000451,1,,,,Li1.45S2.1P0.55
1011,0.75Li2S-0.25P2S5,0.000367,1,,,,Li1.5S2.0P0.5
1012,0.6Li2S-0.4SiS2,0.000169,1,,,,Li1.2S1.4Si0.4
1013,0.1LiI-0.9(0.6Li2S-0.4SiS2),0.000235,1,,,,Li1.180I0.100S1.340Si0.400
1014,0.2LiI-0.8(0.6Li2S-0.4SiS2),0.000352,1,,,,Li1.160I0.200S1.280Si0.400
1015,0.3LiI-0.7(0.6Li2S-0.4SiS2),0.000742,1,,,,Li1.140I0.300S1.220Si0.400
1016,0.5Li2S-0.5SiS2,1.58E-06,1,,,,Li1.0S1.5Si0.5
1017,0.1LiI-0.9(0.5Li2S-0.5SiS2),3.99E-05,1,,,,Li1.000I0.100S1.450Si0.500
1018,0.2LiI-0.8(0.6Li2S-0.4SiS2),0.000123,1,,,,Li1.160I0.200S1.280Si0.400
1019,0.3LiI-0.7(0.6Li2S-0.4SiS2),0.000362,1,,,,Li1.140I0.300S1.220Si0.400
1020,Li6Si2S7,4.11E-04,1,0.37,,,Li6Si2S7
1021,0.95Li6Si2S7-0.05Li6B4O9,0.000411,1,0.35,,,Li5.999999999999999Si1.9S6.6499999999999995B0.2O0.45
1022,0.9Li6Si2S7-0.1Li6B4O9,0.000376,1,0.39,,,Li6.0Si1.8S6.3B0.4O0.9
1023,0.875Li6Si2S7-0.125Li6B4O9,0.000277,1,0.39,,,Li6.0Si1.75S6.125B0.5O1.125
1024,0.75Li6Si2S7-0.25Li6B4O9,0.000142,1,0.4,,,Li6.0Si1.5S5.25B1.0O2.25
1025,0.95Li6Si2S7-0.05Li6B4S9,0.00049,1,0.37,,,Li5.999999999999999Si1.9S7.1B0.2
1026,0.925Li6Si2S7-0.075Li6B4S9,0.000365,1,0.38,,,Li6.000000000000001Si1.85S7.15B0.3
1027,0.9Li6Si2S7-0.1Li6B4S9,0.000473,1,0.38,,,Li6.0Si1.8S7.2B0.4
1028,0.875Li6Si2S7-0.125Li6B4S9,0.00044,1,0.37,,,Li6.0Si1.75S7.25B0.5
1029,0.75Li6Si2S7-0.25Li6B4S9,0.000502,1,0.36,,,Li6.0Si1.5S7.5B1.0
1030,0.63Li6Si2S7-0.37Li6B4S9,0.000439,1,0.39,,,Li6.0Si1.26S7.74B1.48
1031,(Li2S)60(SiS2)28(P2S5)12,1.23E-03,1,0.34,,,(Li2S)60(SiS2)28(P2S5)12
1032,Li7La3Zr2O12?5 wt% LiPO3,2.50E-06,1,0.51,,,Li15La6Zr4P1O27?
1033,Li7La3Zr2O12?3 wt% 65Li2O???27B2O3???8SiO2,1.50E-05,1,0.44,,,Li3.86La1.62Zr1.08O6.58B0.04Si0.01?
1034,Li7La3Zr2O12?5 wt% 40.2Li2O???5.7Y2O3???54.1SiO2,2.50E-05,1,0.39,,,Li3.76La1.58Zr1.06O6.48Y0.01Si0.05?
1035,0.6Li2S-0.4P2S5,3.32E-06,1,0.52,,,Li1.2S2.6P0.8
1036,0.667Li2S-0.333P2S5,3.84E-05,1,0.44,,,Li1.334S2.332P0.666
1037,0.7Li2S-0.3P2S5,3.77E-05,1,0.45,,,Li1.4S2.2P0.6
1038,0.75Li2S-0.25P2S5,0.000279,1,0.4,,,Li1.5S2.0P0.5
1039,0.8Li2S-0.2P2S5,0.000132,1,0.44,,,Li1.6S1.8P0.4
1040, (0.75Li2S-0.25P2S5),0.000268,1,0.26,,,Li1.5P0.5S2?
1041,0.95(0.75Li2S-0.25P2S5)-0.05LiBH4,0.000398,1,0.25,,,Li1.475S1.962P0.500B0.050H0.200
1042,0.89(0.75Li2S-0.25P2S5)-0.11LiBH4,0.000618,1,0.26,,,Li1.445S1.917P0.500B0.110H0.440
1043,0.67(0.75Li2S-0.25P2S5)-0.33LiBH4,0.00113,1,0.21,,,Li1.335S1.752P0.500B0.330H1.320
1044,Li7P2.9S10.85Mo0.01,4.80E-03,1,0.24,,,Li7P2.9S10.85Mo0.01
1045,Li7P3S11,2.60E-03,1,0.29,,,Li7P3S11
1046,Li7P2.9Mn0.1S10.7I0.3,5.60E-03,1,0.22,,,Li7P2.9Mn0.1S10.7I0.3
1047,Li11AlP2S12,8.02E-04,1,0.26,,,Li11AlP2S12
1048,Li3PS4,1.78E-04,1,0.33,,,Li3PS4
1049,Li3PS4 ? 2 wt% Al2O3,0.000227,0,0.35,,,Li41.63P13.88S55.5AlO1.5
1050,Li3PS4 ? 5 wt% Al2O3,0.000196,0,0.35,,,Li16.14P5.38S21.52AlO1.5
1051,Li3PS4 ? 8 wt% Al2O3,0.00016,0,0.36,,,Li9.77P3.26S13.03AlO1.5
1052,Li3PS4 ? 10 wt% Al2O3,0.00015,0,0.36,,,Li7.65P2.55S10.19AlO1.5
1053,Li3PS4 ? 30 wt% Al2O3,9.96E-05,0,0.36,,,Li3.0PS4.0Al1.51O2.27
1054,Li3PS4 ? 50 wt% Al2O3,9.38E-07,0,0.44,,,Li3.0PS4.0Al3.53O5.3
1055,Li3PS4 ? 70 wt% Al2O3,3.92E-08,0,0.6,,,Li3.0PS4.0Al8.24O12.36
1056,Li3PS4 ? 90 wt% Al2O3,1.54E-09,0,0.79,,,Li3.0PS4.0Al31.78O47.67
1057,Li3PS4 ? 2 wt% SiO2,0.000228,0,0.32,,,Li49.07P16.36S65.42SiO2.0
1058,Li3PS4 ? 5 wt% SiO2,0.000196,0,0.33,,,Li19.03P6.34S25.37SiO2.0
1059,Li3PS4 ? 8 wt% SiO2,0.00016,0,0.33,,,Li11.52P3.84S15.35SiO2.0
1060,Li3PS4 ? 10 wt% SiO2,0.00015,0,0.33,,,Li9.01P3.0S12.02SiO2.0
1061,Li3PS4 ? 30 wt% SiO2,0.0001,0,0.35,,,Li3.0PS4.0Si1.28O2.57
1062,Li3PS4 ? 50 wt% SiO2,3.80E-05,0,0.36,,,Li3.0PS4.0Si3.0O5.99
1063,Li3PS4 ? 70 wt% SiO2,5.92E-06,0,0.38,,,Li3.0PS4.0Si6.99O13.98
1064,Li3PS4 ? 90 wt% SiO2,8.53E-09,0,0.41,,,Li3.0PS4.0Si26.96O53.93
1065,Li3PS4 ? 5 wt% Li6ZnNb4O14,0.000228,0,0.29,,,Li228.47P74.16S296.63ZnNb4.0O14.0
1066,Li3PS4 ? 10 wt% Li6ZnNb4O14,0.000243,0,0.31,,,Li111.38P35.13S140.51ZnNb4.0O14.0
1067,Li3PS4 ? 15 wt% Li6ZnNb4O14,0.000241,0,0.32,,,Li72.35P22.12S88.47ZnNb4.0O14.0
1068,Li3PS4 ? 20 wt% Li6ZnNb4O14,0.000222,0,0.33,,,Li52.84P15.61S62.45ZnNb4.0O14.0
1069,Li3PS4 ? 30 wt% Li6ZnNb4O14,0.000187,0,0.34,,,Li33.32P9.11S36.43ZnNb4.0O14.0
1070,Li3PS4 ? 50 wt% Li6ZnNb4O14,0.000142,0,0.36,,,Li17.71P3.9S15.61ZnNb4.0O14.0
1071,Li3PS4 ? 70 wt% Li6ZnNb4O14,7.23E-05,0,0.38,,,Li11.02P1.67S6.69ZnNb4.0O14.0
1072,Li3PS4 ? 90 wt% Li6ZnNb4O14,2.99E-07,0,0.4,,,Li16.84PS4.0Zn2.31Nb9.22O32.28
1073,Li3PS4 ,1.46E-04,1,0.38,,,Li3PS4 
1074,Li3PS4 ? 10 wt% Li7La3Zr2O12,0.000296,0,0.36,,,Li66.47P20.99S83.96La1.5ZrO6.0
1075,Li3PS4 ? 20 wt% Li7La3Zr2O12,0.00037,0,0.35,,,Li31.49P9.33S37.32La1.5ZrO6.0
1076,Li3PS4 ? 25 wt% Li7La3Zr2O12,0.00041,0,0.35,,,Li24.49P7.0S27.99La1.5ZrO6.0
1077,Li3PS4 ? 30 wt% Li7La3Zr2O12,0.000538,0,0.36,,,Li19.83P5.44S21.77La1.5ZrO6.0
1078,Li3PS4 ? 35 wt% Li7La3Zr2O12,0.0004,0,0.36,,,Li16.49P4.33S17.33La1.5ZrO6.0
1079,Li3PS4 ? 40 wt% Li7La3Zr2O12,0.000333,0,0.36,,,Li14.0P3.5S13.99La1.5ZrO6.0
1080,Li3PS4 ? 60 wt% Li7La3Zr2O12,0.000219,0,0.4,,,Li8.16P1.55S6.22La1.5ZrO6.0
1081,Li3PS4 ? 70 wt% Li7La3Zr2O12,1.26E-05,0,0.43,,,Li6.5PS4.0La1.5ZrO6.0
1082,Li3PS4 ? 90 wt% Li7La3Zr2O12,6.04E-06,0,0.44,,,Li16.51PS4.0La5.79Zr3.86O23.15
1083,Li7La3Zr2O12,5.20E-08,1,0.47,,,Li7La3Zr2O12
1084,Li3.45Ge0.45P0.55S3.1Se0.9,9.80E-04,1,,,,Li3.45Ge0.45P0.55S3.1Se0.9
1085,Li3.4Ge0.4P0.6S3.2Se0.8,1.17E-03,1,,,,Li3.4Ge0.4P0.6S3.2Se0.8
1086,Li3.35Ge0.35P0.65S3.3Se0.7,1.20E-03,1,,,,Li3.35Ge0.35P0.65S3.3Se0.7
1087,Li3.3Ge0.3P0.7S3.4Se0.6,1.33E-03,1,,,,Li3.3Ge0.3P0.7S3.4Se0.6
1088,Li3.25Ge0.25P0.75S3.5Se0.5,5.03E-04,1,,,,Li3.25Ge0.25P0.75S3.5Se0.5
1089,Li3.20Ge0.20P0.8S3.6Se0.4,1.08E-03,1,,,,Li3.20Ge0.20P0.8S3.6Se0.4
1090,Li3.15Ge0.15P0.85S3.7Se0.3,8.16E-04,1,,,,Li3.15Ge0.15P0.85S3.7Se0.3
1091,Li3.1Ge0.1P0.9S3.8Se0.2,1.13E-03,1,,,,Li3.1Ge0.1P0.9S3.8Se0.2
1092,Li3.05Ge0.05P0.95S3.9Se0.1,1.41E-03,1,,,,Li3.05Ge0.05P0.95S3.9Se0.1
1093,Li3PS4,9.35E-04,1,,,,Li3PS4
1094,0.8Li2O-0.2P2S5,1.54E-05,1,,,,Li1.6O0.8P0.4S1.0
1095,0.05Li2S-0.75Li2O-0.2P2S5,1.39E-05,1,,,,Li1.6O0.75P0.4S1.05
1096,0.1Li2S-0.7Li2O-0.2P2S5,1.59E-05,1,,,,Li1.5999999999999999O0.7P0.4S1.1
1097,0.15Li2S-0.65Li2O-0.2P2S5,2.32E-05,1,,,,Li1.6O0.65P0.4S1.15
1098,0.2Li2S-0.6Li2O-0.2P2S5,2.89E-05,1,,,,Li1.6O0.6P0.4S1.2
1099,0.25Li2S-0.55Li2O-0.2P2S5,3.80E-05,1,,,,Li1.6O0.55P0.4S1.25
1100,0.3Li2S-0.5Li2O-0.2P2S5,4.35E-05,1,,,,Li1.6O0.5P0.4S1.3
1101,0.35Li2S-0.45Li2O-0.2P2S5,5.26E-05,1,,,,Li1.6O0.45P0.4S1.35
1102,0.4Li2S-0.4Li2O-0.2P2S5,4.45E-05,1,,,,Li1.6O0.4P0.4S1.4
1103,0.45Li2S-0.35Li2O-0.2P2S5,6.35E-05,1,,,,Li1.6O0.35P0.4S1.45
1104,0.5Li2S-0.3Li2O-0.2P2S5,8.11E-05,1,,,,Li1.6O0.3P0.4S1.5
1105,0.55Li2S-0.25Li2O-0.2P2S5,0.000112,1,,,,Li1.6O0.25P0.4S1.55
1106,0.6Li2S-0.2Li2O-0.2P2S5,0.000112,1,,,,Li1.6O0.2P0.4S1.6
1107,0.65Li2S-0.15Li2O-0.2P2S5,0.000113,1,,,,Li1.6O0.15P0.4S1.65
1108,0.7Li2S-0.1Li2O-0.2P2S5,0.000109,1,,,,Li1.5999999999999999O0.1P0.4S1.7
1109,0.75Li2S-0.05Li2O-0.2P2S5,0.000143,1,,,,Li1.6O0.05P0.4S1.75
1110,0.8Li2S-0.2P2S5,0.000299,1,,,,Li1.6S1.8P0.4
1111,0.75Li2O-0.25P2S5,1.55E-05,1,,,,Li1.5O0.75P0.5S1.25
1112,0.05Li2S-0.7Li2O-0.25P2S5,1.42E-05,1,,,,Li1.5O0.7P0.5S1.3
1113,0.1Li2S-0.65Li2O-0.25P2S5,2.52E-05,1,,,,Li1.5O0.65P0.5S1.35
1114,0.15Li2S-0.6Li2O-0.25P2S5,2.67E-05,1,,,,Li1.5O0.6P0.5S1.4
1115,0.2Li2S-0.55Li2O-0.25P2S5,2.74E-05,1,,,,Li1.5O0.55P0.5S1.45
1116,0.25Li2S-0.5Li2O-0.25P2S5,3.80E-05,1,,,,Li1.5O0.5P0.5S1.5
1117,0.3Li2S-0.45Li2O-0.25P2S5,5.88E-05,1,,,,Li1.5O0.45P0.5S1.55
1118,0.35Li2S-0.4Li2O-0.25P2S5,1.33E-05,1,,,,Li1.5O0.4P0.5S1.6
1119,0.4Li2S-0.35Li2O-0.25P2S5,2.44E-05,1,,,,Li1.5O0.35P0.5S1.65
1120,0.45Li2S-0.3Li2O-0.25P2S5,2.30E-05,1,,,,Li1.5O0.3P0.5S1.7
1121,0.5Li2S-0.25Li2O-0.25P2S5,9.56E-06,1,,,,Li1.5O0.25P0.5S1.75
1122,0.55Li2S-0.2Li2O-0.25P2S5,7.06E-05,1,,,,Li1.5O0.2P0.5S1.8
1123,0.6Li2S-0.15Li2O-0.25P2S5,9.27E-05,1,,,,Li1.5O0.15P0.5S1.85
1124,0.65Li2S-0.1Li2O-0.25P2S5,0.000115,1,,,,Li1.5O0.1P0.5S1.9
1125,0.7Li2S-0.05Li2O-0.25P2S5,9.76E-05,1,,,,Li1.5O0.05P0.5S1.95
1126,0.75Li2S-0.25P2S5,0.00016,1,,,,Li1.5S2.0P0.5
1127,0.7Li2O-0.3P2S5,5.78E-11,1,,,,Li1.4O0.7P0.6S1.5
1128,0.05Li2S-0.65Li2O-0.3P2S5,1.51E-08,1,,,,Li1.4000000000000001O0.65P0.6S1.55
1129,0.1Li2S-0.6Li2O-0.3P2S5,7.78E-08,1,,,,Li1.4O0.6P0.6S1.6
1130,0.15Li2S-0.55Li2O-0.3P2S5,2.90E-07,1,,,,Li1.4000000000000001O0.55P0.6S1.65
1131,0.2Li2S-0.5Li2O-0.3P2S5,1.67E-05,1,,,,Li1.4O0.5P0.6S1.7
1132,0.25Li2S-0.45Li2O-0.3P2S5,8.64E-07,1,,,,Li1.4O0.45P0.6S1.75
1133,0.3Li2S-0.4Li2O-0.3P2S5,1.62E-06,1,,,,Li1.4O0.4P0.6S1.8
1134,0.35Li2S-0.35Li2O-0.3P2S5,3.68E-06,1,,,,Li1.4O0.35P0.6S1.85
1135,0.4Li2S-0.3Li2O-0.3P2S5,5.86E-06,1,,,,Li1.4O0.3P0.6S1.9
1136,0.45Li2S-0.25Li2O-0.3P2S5,5.10E-06,1,,,,Li1.4O0.25P0.6S1.95
1137,0.5Li2S-0.2Li2O-0.3P2S5,8.33E-06,1,,,,Li1.4O0.2P0.6S2
1138,0.55Li2S-0.15Li2O-0.3P2S5,1.01E-05,1,,,,Li1.4000000000000001O0.15P0.6S2.05
1139,0.6Li2S-0.1Li2O-0.3P2S5,2.29E-05,1,,,,Li1.4O0.1P0.6S2.1
1140,0.65Li2S-0.05Li2O-0.3P2S5,2.48E-05,1,,,,Li1.4000000000000001O0.05P0.6S2.15
1141,0.7Li2S- 0.3P2S5,5.34E-05,1,,,,Li1.4S5.7P2.0
1142,0.9Li3PS4???10ZnO,0.00029,1,,,,Li2.7P0.9S3.6Zn0.1O0.1
1143,0.7Li2S-0.3P2S5,0.00071,1,0.23,,,Li1.4S2.2P0.6
1144,0.7Li2S-0.29P2S5-0.01Li3PO4,0.00183,1,0.19,,,Li1.43O0.04P0.59S2.15
1145,0.7Li2S-0.28P2S5-0.02Li3PO4,0.000989,1,0.21,,,Li1.46O0.08P0.5800000000000001S2.1
1146,0.7Li2S-0.27P2S5-0.03Li3PO4,0.00044,1,0.25,,,Li1.49O0.12P0.5700000000000001S2.05
1147,0.7Li2S-0.25P2S5-0.05Li3PO4,0.000267,1,0.29,,,Li1.5499999999999998O0.2P0.55S1.95
1148,0.7Li2S-0.3P2S5,0.00167,1,0.23,,,Li1.4S2.2P0.6
1149,0.99(0.7Li2S-0.3P2S5)- 0.01Li2ZrO3,0.00286,1,0.18,,,Li1.406S2.193P0.600Zr0.010O0.030
1150,0.98(0.7Li2S-0.3P2S5)- 0.02Li2ZrO3,0.00122,1,0.25,,,Li1.412S2.186P0.600Zr0.020O0.060
1151,0.95(0.7Li2S-0.3P2S5)- 0.05Li2ZrO3,0.000742,1,0.29,,,Li1.430S2.165P0.600Zr0.050O0.150
1152,Li2.7PO3.9,7.00E-08,1,0.68,,,Li2.7PO3.9
1153,Li3.6(Si0.19P0.82)O4.2,2.00E-07,1,0.57,,,Li3.6(Si0.19P0.82)O4.2
1154,Li3.1PO3.8N0.16,2.00E-06,1,0.57,,,Li3.1PO3.8N0.16
1155,Li3.3PO3.8N0.22,2.40E-06,1,0.56,,,Li3.3PO3.8N0.22
1156,Li2.9PO3.3N0.46,3.30E-06,1,0.54,,,Li2.9PO3.3N0.46
1157,Li4.4PO4.3,9.39E-07,1,0.64,,,Li4.4PO4.3
1158,Li4.0PO3.9N0.4,1.70E-06,1,0.62,,,Li4.0PO3.9N0.4
1159,Li3.7PO3.4N0.7,2.36E-06,1,0.6,,,Li3.7PO3.4N0.7
1160,Li3.5PO3.2N0.8,2.59E-06,1,0.59,,,Li3.5PO3.2N0.8
1161,Li3.4PO3.1N0.9,2.81E-06,1,0.58,,,Li3.4PO3.1N0.9
1162,Li3.2PO3.0N,2.99E-06,1,0.57,,,Li3.2PO3.0N
1163,Li2.9PO2.6N0.91,2.10E-06,1,0.52,,,Li2.9PO2.6N0.91
1164,Li1.8PO1.2N1.5,1.70E-06,1,0.49,,,Li1.8PO1.2N1.5
1165,Li3.3PO2.9N0.83,3.10E-06,1,0.47,,,Li3.3PO2.9N0.83
1166,0.45B2S3-0.55Li2S,8.19E-05,1,0.23,,,B0.9S1.9000000000000001Li1.1
1167,0.815(0.45B2S3-0.55Li2S)-0.185LiI,0.000308,1,0.2,,,B0.733S1.650Li1.285I0.185
1168,0.69(0.45B2S3-0.55Li2S)-0.31LiI,0.000758,1,0.23,,,B0.621S1.482Li1.410I0.310
1169,0.33B2S3-0.67Li2S,0.000226,1,0.31,,,B0.66S1.6600000000000001Li1.34
1170,0.95(0.33B2S3-0.67Li2S)-0.05LiI,0.000437,1,0.29,,,B0.627S1.611Li1.390I0.050
1171,0.9(0.33B2S3-0.67Li2S)-0.1LiI,0.000481,1,0.28,,,B0.594S1.561Li1.440I0.100
1172,0.85(0.33B2S3-0.67Li2S)-0.15LiI,0.000492,1,0.28,,,B0.561S1.512Li1.490I0.150
1173,0.75(0.33B2S3-0.67Li2S)-0.25LiI,0.00061,1,0.27,,,B0.495S1.413Li1.590I0.250
1174,0.66(0.33B2S3-0.67Li2S)-0.34LiI,0.000522,1,0.32,,,B0.436S1.323Li1.680I0.340
1175,0.6(0.33B2S3-0.67Li2S)-0.4LiI,0.000489,1,0.35,,,B0.396S1.264Li1.740I0.400
1176,0.29B2S3-0.71Li2S,0.000271,1,0.32,,,B0.58S1.5799999999999998Li1.42
1177,0.95(0.29B2S3-0.71Li2S)-0.05LiI,0.000372,1,0.31,,,B0.551S1.536Li1.470I0.050
1178,0.875(0.29B2S3-0.71Li2S)-0.125LiI,0.000627,1,0.29,,,B0.507S1.471Li1.545I0.125
1179,0.78(0.29B2S3-0.71Li2S)-0.22LiI,0.000656,1,0.29,,,B0.452S1.389Li1.640I0.220
1180,0.64(0.29B2S3-0.71Li2S)-0.36LiI,0.00081,1,0.36,,,B0.371S1.267Li1.780I0.360
1181,0.25B2S3-0.75Li2S,0.000303,1,0.36,,,B0.5S1.5Li1.5
1182,0.92(0.25B2S3-0.75Li2S)-0.08LiI,0.000383,1,0.3,,,B0.460S1.440Li1.580I0.080
1183,0.89(0.25B2S3-0.75Li2S)-0.11LiI,0.000348,1,0.33,,,B0.445S1.417Li1.610I0.110
1184,0.5Li2S-0.5SiS2,4.80E-05,1,,,,Li1.0S1.5Si0.5
1185,0.985(0.5Li2S-0.5SiS2)-0.015Li3PO4,6.28E-05,1,,,,Li1.030S1.492Si0.500P0.015O0.060
1186,0.975(0.5Li2S-0.5SiS2)-0.025Li3PO4,8.76E-05,1,,,,Li1.050S1.488Si0.500P0.025O0.100
1187,0.95(0.5Li2S-0.5SiS2)-0.05Li3PO4,8.68E-05,1,,,,Li1.100S1.475Si0.500P0.050O0.200
1188,0.9(0.5Li2S-0.5SiS2)-0.1Li3PO4,6.76E-05,1,,,,Li1.200S1.450Si0.500P0.100O0.400
1189,0.6Li2S-0.4SiS2,0.000185,1,,,,Li1.2S1.4Si0.4
1190,0.99(0.6Li2S-0.4SiS2)-0.01Li3PO4,0.000253,1,,,,Li1.218S1.394Si0.400P0.010O0.040
1191,0.97(0.6Li2S-0.4SiS2)-0.03Li3PO4,0.000397,1,,,,Li1.254S1.382Si0.400P0.030O0.120
1192,0.95(0.6Li2S-0.4SiS2)-0.05Li3PO4,0.000203,1,,,,Li1.290S1.370Si0.400P0.050O0.200
1193,0.9(0.6Li2S-0.4SiS2)-0.1Li3PO4,5.20E-05,1,,,,Li1.380S1.340Si0.400P0.100O0.400
1194,0.61Li2S-0.39SiS2,0.000524,1,,,,Li1.22S1.3900000000000001Si0.39
1195,0.99(0.61Li2S-0.39SiS2)-0.01Li3PO4,0.000505,1,,,,Li1.238S1.384Si0.390P0.010O0.040
1196,0.985(0.61Li2S-0.39SiS2)-0.015Li3PO4,0.000596,1,,,,Li1.247S1.381Si0.390P0.015O0.060
1197,0.98(0.61Li2S-0.39SiS2)-0.02Li3PO4,0.000769,1,,,,Li1.256S1.378Si0.390P0.020O0.080
1198,0.975(0.61Li2S-0.39SiS2)-0.025Li3PO4,0.000636,1,,,,Li1.264S1.375Si0.390P0.025O0.100
1199,0.97(0.61Li2S-0.39SiS2)-0.03Li3PO4,0.000583,1,,,,Li1.273S1.372Si0.390P0.030O0.120
1200,0.95(0.61Li2S-0.39SiS2)-0.05Li3PO4,0.000468,1,,,,Li1.309S1.360Si0.390P0.050O0.200
1201,0.9(0.61Li2S-0.39SiS2)-0.1Li3PO4,0.000128,1,,,,Li1.398S1.329Si0.390P0.100O0.400
1202,0.99(0.65Li2S-0.35SiS2)-0.01Li3PO4,0.00036,1,,,,Li1.317S1.343Si0.350P0.010O0.040
1203,0.97(0.65Li2S-0.35SiS2)-0.03Li3PO4,0.000262,1,,,,Li1.351S1.330Si0.350P0.030O0.120
1204,0.95(0.65Li2S-0.35SiS2)-0.05Li3PO4,0.000181,1,,,,Li1.385S1.317Si0.350P0.050O0.200
1205,0.9(0.65Li2S-0.35SiS2)-0.1Li3PO4,7.13E-05,1,,,,Li1.470S1.285Si0.350P0.100O0.400
1206,0.7Li2S-0.3P2S5,0.0052,1,,,,Li1.4S2.2P0.6
1207,LiI,3.07E-07,1,,,,LiI
1208,0.998LiI-0.002CaI2,9.80E-07,1,,,,Li0.998I1.002Ca0.002
1209,0.99LiI-0.01CaI2,5.54E-06,1,0.43,,,Li0.99I1.01Ca0.01
1210,LiI,2.74E-08,1,0.43,,,LiI
1211,0.8LiI-0.2Al2O3,6.84E-06,1,0.35,,,Li0.8I0.8Al0.4O0.6000000000000001
1212,0.7LiI-0.3Al2O3,2.07E-05,1,0.33,,,Li0.7I0.7Al0.6O0.8999999999999999
1213,0.6LiI-0.4Al2O3,3.94E-05,1,0.33,,,Li0.6I0.6Al0.8O1.2000000000000002
1214,0.5LiI-0.5Al2O3,2.58E-05,1,0.33,,,Li0.5I0.5Al1.0O1.5
1215,0.4LiI-0.6Al2O3,6.76E-06,1,0.37,,,Li0.4I0.4Al1.2O1.7999999999999998
1216,Li3.5P0.5Si0.5O4,4.27E-07,1,0.57,,,Li3.5P0.5Si0.5O4
1217,Li3.5P0.5Ge0.5O4,7.89E-06,1,0.56,,,Li3.5P0.5Ge0.5O4
1218,Li3.5As0.5Si0.5O4,4.05E-06,1,0.55,,,Li3.5As0.5Si0.5O4
1219,Li3.5V0.5Si0.5O4,1.20E-05,1,0.53,,,Li3.5V0.5Si0.5O4
1220,Li3.5As0.5Ge0.5O4,2.83E-05,1,0.51,,,Li3.5As0.5Ge0.5O4
1221,Li3.5V0.5Ge0.5O4,3.00E-05,1,,,,Li3.5V0.5Ge0.5O4
1222,Li3.5As0.5Ti0.5O4,3.22E-05,1,0.52,,,Li3.5As0.5Ti0.5O4
1223,Li3.5As0.5V0.5O4,4.01E-05,1,0.49,,,Li3.5As0.5V0.5O4
1224,LiHf2(PO4)3-0.1Li2O,0.000112,0,,,,Li1.20Hf2.00P3.00O12.10
1225,LiHf2(PO4)3-0.2Li2O,2.78E-05,0,,,,Li1.40Hf2.00P3.00O12.20
1226,LiHf2(PO4)3-0.3Li2O,2.58E-05,0,,,,Li1.60Hf2.00P3.00O12.30
1227,LiHf2(PO4)3-0.4Li2O,3.40E-05,0,,,,Li1.80Hf2.00P3.00O12.40
1228,LiTi2(PO4)3,1.69E-06,1,0.3,,,LiTi2(PO4)3
1229,0.95LiTi2(PO4)3-0.05Li3PO4,5.52E-05,1,0.29,,,Li1.1Ti1.9P2.8999999999999995O11.599999999999998
1230,0.9LiTi2(PO4)3-0.1Li3PO4,0.000138,1,0.28,,,Li1.2000000000000002Ti1.8P2.8000000000000003O11.200000000000001
1231,0.8LiTi2(PO4)3-0.2Li3PO4,0.000193,1,0.31,,,Li1.4000000000000001Ti1.6P2.6000000000000005O10.400000000000002
1232,0.7LiTi2(PO4)3-0.3Li3PO4,0.000245,1,0.3,,,Li1.5999999999999999Ti1.4P2.3999999999999995O9.599999999999998
1233,0.95LiTi2(PO4)3-0.05Li3BO3,3.59E-05,1,0.3,,,Li1.1Ti1.9P2.8499999999999996O11.549999999999999B0.05
1234,0.9LiTi2(PO4)3-0.1Li3BO3,0.000254,1,0.3,,,Li1.2000000000000002Ti1.8P2.7O11.100000000000001B0.1
1235,0.8LiTi2(PO4)3-0.2Li3BO3,0.000297,1,0.3,,,Li1.4000000000000001Ti1.6P2.4000000000000004O10.200000000000001B0.2
1236,0.7LiTi2(PO4)3-0.3Li3BO3,0.000245,1,0.29,,,Li1.5999999999999999Ti1.4P2.0999999999999996O9.299999999999999B0.3
1237,0.5LiTi2(PO4)3-0.5Li3BO3,2.73E-05,1,0.31,,,Li2.0Ti1.0P1.5O7.5B0.5
1238,LiTi2(PO4)3,1.00E-04,1,,,,LiTi2(PO4)3
1239,LiTi2(PO4)3-0.15LiPO4,0.0006,0,,,,Li1.15Ti2.0P3.15O12.6
1240,LiTi2(PO4)3-0.3LiPO4,0.000992,0,,,,Li1.3Ti2.0P3.3O13.2
1241,LiTi2(PO4)3-0.6LiPO4,0.00123,0,,,,Li1.6Ti2.0P3.6O14.4
1242,LiTi2(PO4)3-0.9LiPO4,0.0011,0,,,,Li1.9Ti2.0P3.9O15.6
1243,LiTi2(PO4)3-0.15LiBO3,0.00048,0,,,,Li1.15Ti2.0P3.0O12.45B0.15
1244,LiTi2(PO4)3-0.3LiBO3,0.00166,0,,,,Li1.3Ti2.0P3.0O12.9B0.3
1245,LiTi2(PO4)3-0.6LiBO3,0.00112,0,,,,Li1.6Ti2.0P3.0O13.8B0.6
1246,LiTi2(PO4)3-0.9LiBO3,0.000891,0,,,,Li1.9Ti2.0P3.0O14.7B0.9
1247,LiTi2(PO4)3-1.5LiBO3,0.000648,0,,,,Li2.5Ti2.0P3.0O16.5B1.5
1248,LiTi2(PO4)3-0.2Li2SO4,0.000835,0,,,,Li1.4Ti2.0P3.0O12.8S0.2
1249,LiTi2(PO4)3-0.4Li2SO4,0.00166,0,,,,Li1.8Ti2.0P3.0O13.6S0.4
1250,LiTi2(PO4)3-0.6Li2SO4,0.000567,0,,,,Li2.2Ti2.0P3.0O14.4S0.6
1251,LiTi2(PO4)3-0.4LiCl,0.000645,0,,,,Li1.4Ti2.0P3.0O12.0Cl0.4
1252,LiTi2(PO4)3-0.8LiCl,0.00128,0,,,,Li1.8Ti2.0P3.0O12.0Cl0.8
1253,LiTi2(PO4)3-1.2LiCl,0.00102,0,,,,Li2.2Ti2.0P3.0O12.0Cl1.2
1254,LiTi2(PO4)3-0.4LiNO3,0.00118,0,,,,Li1.4Ti2.0P3.0O13.2N0.4
1255,LiTi2(PO4)3-0.8LiNO3,0.00149,0,,,,Li1.8Ti2.0P3.0O14.4N0.8
1256,LiTi2(PO4)3-1.2LiNO3,0.000995,0,,,,Li2.2Ti2.0P3.0O15.6N1.2
1257,Li0.39La0.54TiO3,1.08E-03,1,0.316,,,Li0.39La0.54TiO3
1258,(Li0.39La0.54)1.006Al0.006Ti0.994O3,1.13E-03,1,0.308,,,(Li0.39La0.54)1.006Al0.006Ti0.994O3
1259,(Li0.39La0.54)1.01Al0.02Ti0.98O3,1.58E-03,1,0.278,,,(Li0.39La0.54)1.01Al0.02Ti0.98O3
1260,(Li0.39La0.54)1.03Al0.06Ti0.94O3,1.39E-03,1,0.29,,,(Li0.39La0.54)1.03Al0.06Ti0.94O3
1261,(Li0.39La0.54)1.005Cr0.01Ti0.99O3,9.52E-04,1,0.3,,,(Li0.39La0.54)1.005Cr0.01Ti0.99O3
1262,(Li0.39La0.54)1.01Cr0.02Ti0.98O3,1.01E-03,1,0.315,,,(Li0.39La0.54)1.01Cr0.02Ti0.98O3
1263,(Li0.39La0.54)1.025Cr0.05Ti0.95O3,1.04E-03,1,0.298,,,(Li0.39La0.54)1.025Cr0.05Ti0.95O3
1264,La0.51Li0.34TiO2.94,1.00E-03,1,0.38,,,La0.51Li0.34TiO2.94
1265,La0.57Li0.26TiO2.99,1.00E-03,1,0.34,,,La0.57Li0.26TiO2.99
1266,La0.6Li0.16TiO3.01,6.30E-04,1,0.33,,,La0.6Li0.16TiO3.01
1267,La0.64Li0.067TiO3,7.90E-05,1,0.36,,,La0.64Li0.067TiO3
1268,(La0.5Li0.5)0.95Sr0.05TiO3,1.49E-03,1,,,,(La0.5Li0.5)0.95Sr0.05TiO3
1269,(La0.5Li0.5)0.9Sr0.1TiO3,1.30E-03,1,,,,(La0.5Li0.5)0.9Sr0.1TiO3
1270,(La0.5Li0.5)0.75Sr0.25TiO3,8.99E-05,1,,,,(La0.5Li0.5)0.75Sr0.25TiO3
1271,(La0.5Li0.5)0.95Ba0.05TiO3,7.61E-04,1,,,,(La0.5Li0.5)0.95Ba0.05TiO3
1272,La0.63Li0.1Mg0.5W0.5O3,1.69E-06,1,0.39,,,La0.63Li0.1Mg0.5W0.5O3
1273,Li0.5La0.5TiO3,8.67E-04,1,0.28,,,Li0.5La0.5TiO3
1274,Li0.5La0.5Ti0.98Sn0.02O3,4.86E-04,1,,,,Li0.5La0.5Ti0.98Sn0.02O3
1275,Li0.5La0.5Ti0.96Sn0.04O3,3.89E-04,1,,,,Li0.5La0.5Ti0.96Sn0.04O3
1276,Li0.5La0.5Ti0.94Sn0.06O3,3.52E-04,1,0.294,,,Li0.5La0.5Ti0.94Sn0.06O3
1277,Li0.5La0.5Ti0.9Sn0.1O3,2.60E-04,1,,,,Li0.5La0.5Ti0.9Sn0.1O3
1278,Li0.5La0.5Ti0.98Zr0.02O3,4.16E-04,1,,,,Li0.5La0.5Ti0.98Zr0.02O3
1279,Li0.5La0.5Ti0.96Zr0.04O3,2.86E-04,1,,,,Li0.5La0.5Ti0.96Zr0.04O3
1280,Li0.5La0.5Ti0.94Zr0.06O3,2.23E-04,1,,,,Li0.5La0.5Ti0.94Zr0.06O3
1281,Li0.5La0.5Ti0.9Zr0.1O3,7.05E-05,1,,,,Li0.5La0.5Ti0.9Zr0.1O3
1282,Li0.5La0.5Ti0.998Mn0.002O3,9.12E-04,1,,,,Li0.5La0.5Ti0.998Mn0.002O3
1283,Li0.5La0.5Ti0.996Mn0.004O3,9.64E-04,1,,,,Li0.5La0.5Ti0.996Mn0.004O3
1284,Li0.5La0.5Ti0.994Mn0.006O3,1.08E-03,1,,,,Li0.5La0.5Ti0.994Mn0.006O3
1285,Li0.5La0.5Ti0.992Mn0.008O3,1.13E-03,1,,,,Li0.5La0.5Ti0.992Mn0.008O3
1286,Li0.5La0.5Ti0.99Mn0.01O3,1.13E-03,1,,,,Li0.5La0.5Ti0.99Mn0.01O3
1287,Li0.5La0.5Ti0.998Ge0.002O3,9.12E-04,1,,,,Li0.5La0.5Ti0.998Ge0.002O3
1288,Li0.5La0.5Ti0.996Ge0.004O3,9.64E-04,1,,,,Li0.5La0.5Ti0.996Ge0.004O3
1289,Li0.5La0.5Ti0.994Ge0.006O3,1.08E-03,1,,,,Li0.5La0.5Ti0.994Ge0.006O3
1290,Li0.5La0.5Ti0.992Ge0.008O3,1.13E-03,1,0.265,,,Li0.5La0.5Ti0.992Ge0.008O3
1291,Li0.5La0.5Ti0.99Ge0.01O3,1.13E-03,1,,,,Li0.5La0.5Ti0.99Ge0.01O3
1292,La0.58Li0.36Ti0.95Mg0.05O3,2.10E-04,1,0.29,,,La0.58Li0.36Ti0.95Mg0.05O3
1293,La0.56Li0.36Ti0.95Al0.05O3,6.40E-04,1,0.26,,,La0.56Li0.36Ti0.95Al0.05O3
1294,La0.55Li0.36Ti0.95Mn0.05O3,1.90E-04,1,0.29,,,La0.55Li0.36Ti0.95Mn0.05O3
1295,La0.55Li0.36Ti0.95Ge0.05O3,3.60E-04,1,0.29,,,La0.55Li0.36Ti0.95Ge0.05O3
1296,La0.55Li0.36Ti0.95Ru0.05O3,5.20E-05,1,0.28,,,La0.55Li0.36Ti0.95Ru0.05O3
1297,La0.51Li0.36Ti0.95W0.05O3,7.30E-04,1,0.27,,,La0.51Li0.36Ti0.95W0.05O3
1298,La0.55Li0.36Ti0.9W0.1O3,4.40E-04,1,0.27,,,La0.55Li0.36Ti0.9W0.1O3
1299,La0.55Li0.36Ti0.995Al0.005O3,1.10E-03,1,0.28,,,La0.55Li0.36Ti0.995Al0.005O3
1300,La0.55Li0.36Ti0.992Al0.008O3,6.50E-04,1,0.29,,,La0.55Li0.36Ti0.992Al0.008O3
1301,La0.54Li0.36Ti0.995W0.005O3,2.60E-04,1,0.3,,,La0.54Li0.36Ti0.995W0.005O3
1302,La0.54Li0.36TiO3,8.90E-04,1,0.29,,,La0.54Li0.36TiO3
1303,La0.606Li0.06Ti0.94Al0.06O3,1.68E-06,1,0.36,,,La0.606Li0.06Ti0.94Al0.06O3
1304,La0.566Li0.1Ti0.9Al0.1O3,7.34E-06,1,0.35,,,La0.566Li0.1Ti0.9Al0.1O3
1305,La0.516Li0.15Ti0.85Al0.15O3,9.66E-06,1,0.36,,,La0.516Li0.15Ti0.85Al0.15O3
1306,La0.466Li0.2Ti0.8Al0.2O3,4.28E-05,1,0.33,,,La0.466Li0.2Ti0.8Al0.2O3
1307,La0.416Li0.25Ti0.75Al0.25O3,7.66E-05,1,0.35,,,La0.416Li0.25Ti0.75Al0.25O3
1308,La0.366Li0.3Ti0.7Al0.3O3,1.72E-05,1,0.33,,,La0.366Li0.3Ti0.7Al0.3O3
1309,Li0.12La0.63TiO3,2.00E-04,1,,,,Li0.12La0.63TiO3
1310,Li0.18La0.61TiO3,4.43E-04,1,,,,Li0.18La0.61TiO3
1311,Li0.24La0.59TiO3,9.93E-04,1,,,,Li0.24La0.59TiO3
1312,Li0.3La0.57TiO3,1.10E-03,1,,,,Li0.3La0.57TiO3
1313,Li0.39La0.54TiO3,1.02E-03,1,,,,Li0.39La0.54TiO3
1314,Li0.45La0.52TiO3,9.05E-04,1,,,,Li0.45La0.52TiO3
1315,LiZr2(PO4)3,4.77E-07,1,,,,LiZr2(PO4)3
1316,Li1.05Al0.05Zr1.9(PO4)3,5.79E-07,1,,,,Li1.05Al0.05Zr1.9(PO4)3
1317,Li1.1Al0.1Zr1.8(PO4)3,6.35E-07,1,,,,Li1.1Al0.1Zr1.8(PO4)3
1318,Li1.2Al0.2Zr1.6(PO4)3,1.90E-06,1,0.48,,,Li1.2Al0.2Zr1.6(PO4)3
1319,Li1.225Al0.225Zr1.55(PO4)3,2.13E-06,1,0.48,,,Li1.225Al0.225Zr1.55(PO4)3
1320,Li1.25Al0.25Zr1.5(PO4)3,2.06E-06,1,0.48,,,Li1.25Al0.25Zr1.5(PO4)3
1321,Li1.275Al0.275Zr1.45(PO4)3,3.05E-06,1,0.48,,,Li1.275Al0.275Zr1.45(PO4)3
1322,Li1.3Al0.3Zr1.4(PO4)3,1.91E-06,1,0.48,,,Li1.3Al0.3Zr1.4(PO4)3
1323,LiHf2(PO4)3,3.42E-06,1,,,,LiHf2(PO4)3
1324,LiHfTi(PO4)3,5.63E-07,1,,,,LiHfTi(PO4)3
1325,LiO.1Zr1.1Nb0.9P3O12,6.00E-06,1,,,,LiO.1Zr1.1Nb0.9P3O12
1326,LiTi2(PO4)3,1.04E-07,1,,,,LiTi2(PO4)3
1327,Li1.1Sc0.1Ti1.9(PO4)3,1.75E-05,1,,,,Li1.1Sc0.1Ti1.9(PO4)3
1328,Li1.2Sc0.2Ti1.8(PO4)3,4.11E-05,1,0.34,,,Li1.2Sc0.2Ti1.8(PO4)3
1329,Li1.3Sc0.3Ti1.7(PO4)3,4.06E-05,1,,,,Li1.3Sc0.3Ti1.7(PO4)3
1330,Li1.4Sc0.4Ti1.6(PO4)3,9.43E-06,1,,,,Li1.4Sc0.4Ti1.6(PO4)3
1331,Li1.5Sc0.5Ti1.5(PO4)3,5.42E-07,1,,,,Li1.5Sc0.5Ti1.5(PO4)3
1332,Li1.1Y0.1Ti1.9(PO4)3,2.94E-07,1,,,,Li1.1Y0.1Ti1.9(PO4)3
1333,Li1.2Y0.2Ti1.8(PO4)3,7.95E-07,1,,,,Li1.2Y0.2Ti1.8(PO4)3
1334,Li1.3Y0.3Ti1.7(PO4)3,1.01E-06,1,0.4,,,Li1.3Y0.3Ti1.7(PO4)3
1335,Li1.4Y0.4Ti1.6(PO4)3,2.97E-07,1,,,,Li1.4Y0.4Ti1.6(PO4)3
1336,LiTi2(PO4)3-0.5LiF,0.000232,1,0.28,,,Li1.5Ti2.0P3.0O12.0F0.5
1337,LiTi2(PO4)3,7.18E-06,1,0.48,,,LiTi2(PO4)3
1338,14Li2O-9Al2O3-38TiO2-39P2O5,0.0013,1,0.33,,,Al18Li28O312P78Ti38
1339,Li6.6La3Zr1.6Ta0.4O12,3.13E-04,1,0.38,,,Li6.6La3Zr1.6Ta0.4O12
1340,Li6.6La2.875Y0.125Zr1.6Ta0.4O12,3.17E-04,1,0.35,,,Li6.6La2.875Y0.125Zr1.6Ta0.4O12
1341,Li6.6La2.75Y0.25Zr1.6Ta0.4O12,4.36E-04,1,0.34,,,Li6.6La2.75Y0.25Zr1.6Ta0.4O12
1342,Li6.6La2.5Y0.5Zr1.6Ta0.4O12,2.26E-04,1,0.39,,,Li6.6La2.5Y0.5Zr1.6Ta0.4O12
1343,Li2ZrS3,7.30E-06,1,,,,Li2ZrS3
1344,Li2.2Zn0.1Zr0.9S3,1.20E-04,1,,,,Li2.2Zn0.1Zr0.9S3
1345,0.7Li2S-0.3P2S5,8.10E-05,1,0.425,,,Li1.4S2.2P0.6
1346,Li7PS6,1.61E-06,1,0.16,,,Li7PS6
